-- MySQL dump 10.13  Distrib 5.7.26, for Win64 (x86_64)
--
-- Host: 127.0.0.1    Database: sisverapaz
-- ------------------------------------------------------
-- Server version	5.7.26-log

/*!40101 SET @OLD_CHARACTER_SET_CLIENT=@@CHARACTER_SET_CLIENT */;
/*!40101 SET @OLD_CHARACTER_SET_RESULTS=@@CHARACTER_SET_RESULTS */;
/*!40101 SET @OLD_COLLATION_CONNECTION=@@COLLATION_CONNECTION */;
/*!40101 SET NAMES utf8 */;
/*!40103 SET @OLD_TIME_ZONE=@@TIME_ZONE */;
/*!40103 SET TIME_ZONE='+00:00' */;
/*!40014 SET @OLD_UNIQUE_CHECKS=@@UNIQUE_CHECKS, UNIQUE_CHECKS=0 */;
/*!40014 SET @OLD_FOREIGN_KEY_CHECKS=@@FOREIGN_KEY_CHECKS, FOREIGN_KEY_CHECKS=0 */;
/*!40101 SET @OLD_SQL_MODE=@@SQL_MODE, SQL_MODE='NO_AUTO_VALUE_ON_ZERO' */;
/*!40111 SET @OLD_SQL_NOTES=@@SQL_NOTES, SQL_NOTES=0 */;

--
-- Table structure for table `afps`
--

DROP TABLE IF EXISTS `afps`;
/*!40101 SET @saved_cs_client     = @@character_set_client */;
/*!40101 SET character_set_client = utf8 */;
CREATE TABLE `afps` (
  `codigo` varchar(191) COLLATE utf8mb4_unicode_ci NOT NULL,
  `nombre` varchar(191) COLLATE utf8mb4_unicode_ci NOT NULL,
  `estado` int(10) unsigned NOT NULL DEFAULT '1',
  `created_at` timestamp NULL DEFAULT NULL,
  `updated_at` timestamp NULL DEFAULT NULL,
  PRIMARY KEY (`codigo`)
) ENGINE=InnoDB DEFAULT CHARSET=utf8mb4 COLLATE=utf8mb4_unicode_ci;
/*!40101 SET character_set_client = @saved_cs_client */;

--
-- Dumping data for table `afps`
--

LOCK TABLES `afps` WRITE;
/*!40000 ALTER TABLE `afps` DISABLE KEYS */;
INSERT INTO `afps` VALUES ('20193725372300000023','Confía',1,'2019-06-25 16:37:23','2019-06-25 16:37:23'),('20194125410500000005','Crecer',1,'2019-06-25 16:41:05','2019-06-25 16:41:05');
/*!40000 ALTER TABLE `afps` ENABLE KEYS */;
UNLOCK TABLES;

--
-- Table structure for table `bancos`
--

DROP TABLE IF EXISTS `bancos`;
/*!40101 SET @saved_cs_client     = @@character_set_client */;
/*!40101 SET character_set_client = utf8 */;
CREATE TABLE `bancos` (
  `id` bigint(20) unsigned NOT NULL AUTO_INCREMENT,
  `nombre` varchar(40) COLLATE utf8mb4_unicode_ci NOT NULL,
  `estado` tinyint(1) NOT NULL DEFAULT '1',
  `created_at` timestamp NULL DEFAULT NULL,
  `updated_at` timestamp NULL DEFAULT NULL,
  PRIMARY KEY (`id`)
) ENGINE=InnoDB AUTO_INCREMENT=5 DEFAULT CHARSET=utf8mb4 COLLATE=utf8mb4_unicode_ci;
/*!40101 SET character_set_client = @saved_cs_client */;

--
-- Dumping data for table `bancos`
--

LOCK TABLES `bancos` WRITE;
/*!40000 ALTER TABLE `bancos` DISABLE KEYS */;
INSERT INTO `bancos` VALUES (1,'Banco agrícola',1,'2019-06-24 22:24:18','2019-07-13 18:29:39'),(2,'Banco Davivienda',2,'2019-06-24 22:24:26','2019-10-19 17:10:43'),(3,'Banco de Fomento Agropecuario',1,'2019-06-24 22:24:39','2019-06-24 22:24:39'),(4,'Banco de América Central',1,'2019-06-24 22:24:52','2019-06-24 22:24:52');
/*!40000 ALTER TABLE `bancos` ENABLE KEYS */;
UNLOCK TABLES;

--
-- Table structure for table `bitacora_proyectos`
--

DROP TABLE IF EXISTS `bitacora_proyectos`;
/*!40101 SET @saved_cs_client     = @@character_set_client */;
/*!40101 SET character_set_client = utf8 */;
CREATE TABLE `bitacora_proyectos` (
  `id` bigint(20) unsigned NOT NULL AUTO_INCREMENT,
  `hora` time NOT NULL,
  `fecha` date NOT NULL,
  `accion` varchar(191) COLLATE utf8mb4_unicode_ci NOT NULL,
  `proyecto_id` bigint(20) unsigned NOT NULL,
  `created_at` timestamp NULL DEFAULT NULL,
  `updated_at` timestamp NULL DEFAULT NULL,
  PRIMARY KEY (`id`),
  KEY `bitacora_proyectos_proyecto_id_foreign` (`proyecto_id`),
  CONSTRAINT `bitacora_proyectos_proyecto_id_foreign` FOREIGN KEY (`proyecto_id`) REFERENCES `proyectos` (`id`)
) ENGINE=InnoDB AUTO_INCREMENT=18 DEFAULT CHARSET=utf8mb4 COLLATE=utf8mb4_unicode_ci;
/*!40101 SET character_set_client = @saved_cs_client */;

--
-- Dumping data for table `bitacora_proyectos`
--

LOCK TABLES `bitacora_proyectos` WRITE;
/*!40000 ALTER TABLE `bitacora_proyectos` DISABLE KEYS */;
INSERT INTO `bitacora_proyectos` VALUES (1,'14:37:34','2019-06-19','Registro el presupuesto de MATERIALES ',1,'2019-06-19 20:37:34','2019-06-19 20:37:34'),(2,'14:38:59','2019-06-19','Registro el presupuesto de MATERIALES 2 ',1,'2019-06-19 20:38:59','2019-06-19 20:38:59'),(3,'15:56:25','2019-06-19','El proyecto pasó a esperar la realización de la solicitud de cotizacion',1,'2019-06-19 21:56:25','2019-06-19 21:56:25'),(4,'10:50:27','2019-09-18','Registro el presupuesto de Concreteado de calle principal',2,'2019-09-18 16:50:27','2019-09-18 16:50:27'),(5,'14:06:49','2019-09-18','Registro el presupuesto de Concreteado de calle principal',2,'2019-09-18 20:06:49','2019-09-18 20:06:49'),(6,'14:07:11','2019-09-18','Registro el presupuesto de Concreteado de calle principal',2,'2019-09-18 20:07:11','2019-09-18 20:07:11'),(7,'14:08:20','2019-09-18','Registro el presupuesto de Concreteado de calle principal',2,'2019-09-18 20:08:20','2019-09-18 20:08:20'),(8,'14:09:14','2019-09-18','Registro el presupuesto de Concreteado de calle principal',2,'2019-09-18 20:09:14','2019-09-18 20:09:14'),(9,'08:06:49','2019-09-26','Registro el presupuesto de prueba',1,'2019-09-26 14:06:49','2019-09-26 14:06:49'),(10,'08:07:02','2019-09-26','Registro el presupuesto de prueba',1,'2019-09-26 14:07:02','2019-09-26 14:07:02'),(11,'09:13:32','2019-09-26','Registro el presupuesto de probando probando 2',8,'2019-09-26 15:13:32','2019-09-26 15:13:32'),(12,'13:50:06','2019-10-09','Registro el presupuesto de COn una cuenta',11,'2019-10-09 19:50:06','2019-10-09 19:50:06'),(13,'13:50:19','2019-10-09','Registro el presupuesto de COn una cuenta',11,'2019-10-09 19:50:19','2019-10-09 19:50:19'),(14,'13:53:26','2019-10-09','Registro el presupuesto de probando probando',7,'2019-10-09 19:53:26','2019-10-09 19:53:26'),(15,'21:08:38','2019-10-11','Registro el presupuesto de ttttttttt',5,'2019-10-12 03:08:38','2019-10-12 03:08:38'),(16,'18:18:27','2019-10-14','Registro el presupuesto de Fistas patronales 2020',12,'2019-10-15 00:18:27','2019-10-15 00:18:27'),(17,'08:56:54','2020-03-02','Registro el presupuesto de Fiestas patronales 2020',12,'2020-03-02 14:56:54','2020-03-02 14:56:54');
/*!40000 ALTER TABLE `bitacora_proyectos` ENABLE KEYS */;
UNLOCK TABLES;

--
-- Table structure for table `bitacoras`
--

DROP TABLE IF EXISTS `bitacoras`;
/*!40101 SET @saved_cs_client     = @@character_set_client */;
/*!40101 SET character_set_client = utf8 */;
CREATE TABLE `bitacoras` (
  `id` bigint(20) unsigned NOT NULL AUTO_INCREMENT,
  `registro` date NOT NULL,
  `hora` time NOT NULL,
  `accion` varchar(191) COLLATE utf8mb4_unicode_ci NOT NULL,
  `user_id` bigint(20) unsigned NOT NULL,
  `created_at` timestamp NULL DEFAULT NULL,
  `updated_at` timestamp NULL DEFAULT NULL,
  PRIMARY KEY (`id`),
  KEY `bitacoras_user_id_foreign` (`user_id`),
  CONSTRAINT `bitacoras_user_id_foreign` FOREIGN KEY (`user_id`) REFERENCES `users` (`id`)
) ENGINE=InnoDB AUTO_INCREMENT=717 DEFAULT CHARSET=utf8mb4 COLLATE=utf8mb4_unicode_ci;
/*!40101 SET character_set_client = @saved_cs_client */;

--
-- Dumping data for table `bitacoras`
--

LOCK TABLES `bitacoras` WRITE;
/*!40000 ALTER TABLE `bitacoras` DISABLE KEYS */;
INSERT INTO `bitacoras` VALUES (1,'2019-06-19','11:43:11','Cerró Sesión del sistema',1,'2019-06-19 17:43:11','2019-06-19 17:43:11'),(2,'2019-06-19','14:18:36','inicio de sesion',1,'2019-06-19 20:18:36','2019-06-19 20:18:36'),(3,'2019-06-19','14:35:07','Registró un proyecto',1,'2019-06-19 20:35:07','2019-06-19 20:35:07'),(4,'2019-06-19','15:56:46','Registró una forma de pago',1,'2019-06-19 21:56:46','2019-06-19 21:56:46'),(5,'2019-06-19','15:58:49','Registró una cotización',1,'2019-06-19 21:58:49','2019-06-19 21:58:49'),(6,'2019-06-19','15:59:16','Registró una cotización',1,'2019-06-19 21:59:16','2019-06-19 21:59:16'),(7,'2019-06-20','13:05:17','inicio de sesion',1,'2019-06-20 19:05:17','2019-06-20 19:05:17'),(8,'2019-06-20','15:32:36','Cerró Sesión del sistema',1,'2019-06-20 21:32:36','2019-06-20 21:32:36'),(9,'2019-06-21','09:44:35','inicio de sesion',1,'2019-06-21 15:44:35','2019-06-21 15:44:35'),(10,'2019-06-21','15:47:49','Cerró Sesión del sistema',1,'2019-06-21 21:47:49','2019-06-21 21:47:49'),(11,'2019-06-21','20:35:47','inicio de sesion',1,'2019-06-22 02:35:47','2019-06-22 02:35:47'),(12,'2019-06-21','20:36:59','Registró un proyecto',1,'2019-06-22 02:36:59','2019-06-22 02:36:59'),(13,'2019-06-24','08:47:07','inicio de sesion',1,'2019-06-24 14:47:07','2019-06-24 14:47:07'),(14,'2019-06-24','11:41:31','Cerró Sesión del sistema',1,'2019-06-24 17:41:31','2019-06-24 17:41:31'),(15,'2019-06-24','11:43:36','inicio de sesion',1,'2019-06-24 17:43:36','2019-06-24 17:43:36'),(16,'2019-06-24','11:44:12','Cerró Sesión del sistema',1,'2019-06-24 17:44:12','2019-06-24 17:44:12'),(17,'2019-06-24','14:09:29','inicio de sesion',1,'2019-06-24 20:09:29','2019-06-24 20:09:29'),(18,'2019-06-24','14:31:16','Registró un proyecto',1,'2019-06-24 20:31:16','2019-06-24 20:31:16'),(19,'2019-06-24','14:37:03','Registró un proyecto',1,'2019-06-24 20:37:03','2019-06-24 20:37:03'),(20,'2019-06-24','17:08:57','Cerró Sesión del sistema',1,'2019-06-24 23:08:57','2019-06-24 23:08:57'),(21,'2019-06-25','08:30:11','inicio de sesion',1,'2019-06-25 14:30:11','2019-06-25 14:30:11'),(22,'2019-06-25','08:57:13','inicio de sesion',1,'2019-06-25 14:57:13','2019-06-25 14:57:13'),(23,'2019-06-25','08:59:28','inicio de sesion',1,'2019-06-25 14:59:28','2019-06-25 14:59:28'),(24,'2019-06-25','13:48:23','Modificó un registro',1,'2019-06-25 19:48:23','2019-06-25 19:48:23'),(25,'2019-06-25','13:48:55','Modificó un registro',1,'2019-06-25 19:48:55','2019-06-25 19:48:55'),(26,'2019-06-25','13:49:48','Modificó un registro',1,'2019-06-25 19:49:48','2019-06-25 19:49:48'),(27,'2019-06-25','13:52:22','Modificó un registro',1,'2019-06-25 19:52:22','2019-06-25 19:52:22'),(28,'2019-06-25','13:52:46','Modificó un registro',1,'2019-06-25 19:52:46','2019-06-25 19:52:46'),(29,'2019-06-25','13:53:13','Modificó un registro',1,'2019-06-25 19:53:13','2019-06-25 19:53:13'),(30,'2019-06-25','13:55:25','Modificó un registro',1,'2019-06-25 19:55:25','2019-06-25 19:55:25'),(31,'2019-06-25','13:55:36','Modificó un registro',1,'2019-06-25 19:55:36','2019-06-25 19:55:36'),(32,'2019-06-25','14:05:51','Modificó un registro',1,'2019-06-25 20:05:51','2019-06-25 20:05:51'),(33,'2019-06-25','14:07:09','Modificó un registro',1,'2019-06-25 20:07:09','2019-06-25 20:07:09'),(34,'2019-06-25','15:01:35','Modificó un registro',1,'2019-06-25 21:01:35','2019-06-25 21:01:35'),(35,'2019-06-25','15:26:03','Registró un usuario',1,'2019-06-25 21:26:03','2019-06-25 21:26:03'),(36,'2019-06-25','15:26:11','Cerró Sesión del sistema',1,'2019-06-25 21:26:11','2019-06-25 21:26:11'),(37,'2019-06-25','15:26:19','inicio de sesion',2,'2019-06-25 21:26:19','2019-06-25 21:26:19'),(38,'2019-06-25','15:26:27','Cerró Sesión del sistema',2,'2019-06-25 21:26:28','2019-06-25 21:26:28'),(39,'2019-06-25','15:26:34','inicio de sesion',1,'2019-06-25 21:26:34','2019-06-25 21:26:34'),(40,'2019-06-25','15:32:21','Modificó un registro',1,'2019-06-25 21:32:21','2019-06-25 21:32:21'),(41,'2019-06-25','16:47:56','Cerró Sesión del sistema',1,'2019-06-25 22:47:56','2019-06-25 22:47:56'),(42,'2019-06-25','16:48:05','inicio de sesion',2,'2019-06-25 22:48:05','2019-06-25 22:48:05'),(43,'2019-06-25','16:52:43','Cerró Sesión del sistema',2,'2019-06-25 22:52:43','2019-06-25 22:52:43'),(44,'2019-06-25','16:52:51','inicio de sesion',1,'2019-06-25 22:52:51','2019-06-25 22:52:51'),(45,'2019-06-25','17:01:49','Cerró Sesión del sistema',1,'2019-06-25 23:01:49','2019-06-25 23:01:49'),(46,'2019-06-26','08:40:11','inicio de sesion',1,'2019-06-26 14:40:11','2019-06-26 14:40:11'),(47,'2019-06-26','08:42:46','Registró un Contrato',1,'2019-06-26 14:42:46','2019-06-26 14:42:46'),(48,'2019-06-26','08:49:02','Registró un Contrato',1,'2019-06-26 14:49:02','2019-06-26 14:49:02'),(49,'2019-06-26','12:44:34','Modificó un registro',1,'2019-06-26 18:44:34','2019-06-26 18:44:34'),(50,'2019-06-26','16:00:24','Cerró Sesión del sistema',1,'2019-06-26 22:00:24','2019-06-26 22:00:24'),(51,'2019-06-27','08:28:24','inicio de sesion',1,'2019-06-27 14:28:24','2019-06-27 14:28:24'),(52,'2019-06-27','12:09:30','Cerró Sesión del sistema',1,'2019-06-27 18:09:30','2019-06-27 18:09:30'),(53,'2019-06-27','12:09:37','inicio de sesion',2,'2019-06-27 18:09:37','2019-06-27 18:09:37'),(54,'2019-06-27','12:15:33','Modificó un registro',2,'2019-06-27 18:15:33','2019-06-27 18:15:33'),(55,'2019-06-27','12:17:06','Modificó un registro',2,'2019-06-27 18:17:06','2019-06-27 18:17:06'),(56,'2019-06-27','12:17:20','Modificó un registro',2,'2019-06-27 18:17:20','2019-06-27 18:17:20'),(57,'2019-06-27','12:20:36','Cerró Sesión del sistema',2,'2019-06-27 18:20:36','2019-06-27 18:20:36'),(58,'2019-06-27','12:20:42','inicio de sesion',1,'2019-06-27 18:20:42','2019-06-27 18:20:42'),(59,'2019-06-27','14:21:18','inicio de sesion',1,'2019-06-27 20:21:18','2019-06-27 20:21:18'),(60,'2019-06-27','15:40:30','Modificó un Proveedor',1,'2019-06-27 21:40:30','2019-06-27 21:40:30'),(61,'2019-06-27','15:41:37','Modificó un Proveedor',1,'2019-06-27 21:41:37','2019-06-27 21:41:37'),(62,'2019-06-27','15:49:54','Modificó un Proveedor',1,'2019-06-27 21:49:54','2019-06-27 21:49:54'),(63,'2019-06-27','15:50:04','Modificó un Proveedor',1,'2019-06-27 21:50:04','2019-06-27 21:50:04'),(64,'2019-06-27','16:23:05','Registró un usuario',1,'2019-06-27 22:23:05','2019-06-27 22:23:05'),(65,'2019-06-27','16:25:20','Modificó un registro',1,'2019-06-27 22:25:20','2019-06-27 22:25:20'),(66,'2019-06-27','16:43:15','Cerró Sesión del sistema',1,'2019-06-27 22:43:15','2019-06-27 22:43:15'),(67,'2019-06-28','08:21:39','inicio de sesion',1,'2019-06-28 14:21:39','2019-06-28 14:21:39'),(68,'2019-06-29','13:56:11','inicio de sesion',1,'2019-06-29 19:56:11','2019-06-29 19:56:11'),(69,'2019-06-29','15:00:11','Registró una cotización',1,'2019-06-29 21:00:11','2019-06-29 21:00:11'),(70,'2019-06-29','15:52:29','Cerró Sesión del sistema',1,'2019-06-29 21:52:29','2019-06-29 21:52:29'),(71,'2019-06-29','15:57:32','inicio de sesion',1,'2019-06-29 21:57:32','2019-06-29 21:57:32'),(72,'2019-06-29','16:01:32','Cerró Sesión del sistema',1,'2019-06-29 22:01:32','2019-06-29 22:01:32'),(73,'2019-07-01','08:38:16','inicio de sesion',1,'2019-07-01 14:38:16','2019-07-01 14:38:16'),(74,'2019-07-01','09:17:27','Registró una cotización',1,'2019-07-01 15:17:27','2019-07-01 15:17:27'),(75,'2019-07-01','09:18:28','Registró una cotización',1,'2019-07-01 15:18:28','2019-07-01 15:18:28'),(76,'2019-07-01','09:23:45','Registró una cotización',1,'2019-07-01 15:23:45','2019-07-01 15:23:45'),(77,'2019-07-01','09:24:45','Registró una cotización',1,'2019-07-01 15:24:45','2019-07-01 15:24:45'),(78,'2019-07-01','11:42:23','Registró una cotización',1,'2019-07-01 17:42:23','2019-07-01 17:42:23'),(79,'2019-07-01','13:05:28','Registró una cotización',1,'2019-07-01 19:05:28','2019-07-01 19:05:28'),(80,'2019-07-01','14:04:55','Cerró Sesión del sistema',1,'2019-07-01 20:04:55','2019-07-01 20:04:55'),(81,'2019-07-01','14:05:01','inicio de sesion',1,'2019-07-01 20:05:01','2019-07-01 20:05:01'),(82,'2019-07-01','14:05:34','Cerró Sesión del sistema',1,'2019-07-01 20:05:34','2019-07-01 20:05:34'),(83,'2019-07-01','14:05:52','inicio de sesion',1,'2019-07-01 20:05:52','2019-07-01 20:05:52'),(84,'2019-07-01','14:07:01','Cerró Sesión del sistema',1,'2019-07-01 20:07:01','2019-07-01 20:07:01'),(85,'2019-07-01','14:12:23','Cerró Sesión del sistema',1,'2019-07-01 20:12:23','2019-07-01 20:12:23'),(86,'2019-07-01','14:13:13','inicio de sesion',1,'2019-07-01 20:13:13','2019-07-01 20:13:13'),(87,'2019-07-01','14:13:16','Cerró Sesión del sistema',1,'2019-07-01 20:13:16','2019-07-01 20:13:16'),(88,'2019-07-01','14:19:34','inicio de sesion',1,'2019-07-01 20:19:34','2019-07-01 20:19:34'),(89,'2019-07-01','14:19:38','Cerró Sesión del sistema',1,'2019-07-01 20:19:38','2019-07-01 20:19:38'),(90,'2019-07-01','14:21:29','inicio de sesion',1,'2019-07-01 20:21:29','2019-07-01 20:21:29'),(91,'2019-07-01','14:21:40','Cerró Sesión del sistema',1,'2019-07-01 20:21:40','2019-07-01 20:21:40'),(92,'2019-07-01','14:23:58','inicio de sesion',1,'2019-07-01 20:23:58','2019-07-01 20:23:58'),(93,'2019-07-01','14:41:29','Cerró Sesión del sistema',1,'2019-07-01 20:41:29','2019-07-01 20:41:29'),(94,'2019-07-02','08:42:08','inicio de sesion',1,'2019-07-02 14:42:08','2019-07-02 14:42:08'),(95,'2019-07-02','09:03:15','Registró una cotización',1,'2019-07-02 15:03:15','2019-07-02 15:03:15'),(96,'2019-07-02','11:12:49','Cerró Sesión del sistema',1,'2019-07-02 17:12:49','2019-07-02 17:12:49'),(97,'2019-07-02','13:59:18','inicio de sesion',1,'2019-07-02 19:59:18','2019-07-02 19:59:18'),(98,'2019-07-02','15:31:21','Cerró Sesión del sistema',1,'2019-07-02 21:31:21','2019-07-02 21:31:21'),(99,'2019-07-02','15:31:44','inicio de sesion',2,'2019-07-02 21:31:44','2019-07-02 21:31:44'),(100,'2019-07-02','15:35:47','Cerró Sesión del sistema',2,'2019-07-02 21:35:47','2019-07-02 21:35:47'),(101,'2019-07-02','15:35:55','inicio de sesion',1,'2019-07-02 21:35:55','2019-07-02 21:35:55'),(102,'2019-07-02','15:40:07','Cerró Sesión del sistema',1,'2019-07-02 21:40:08','2019-07-02 21:40:08'),(103,'2019-07-02','15:40:14','inicio de sesion',2,'2019-07-02 21:40:14','2019-07-02 21:40:14'),(104,'2019-07-02','16:59:49','Cerró Sesión del sistema',2,'2019-07-02 22:59:49','2019-07-02 22:59:49'),(105,'2019-07-02','17:00:02','inicio de sesion',1,'2019-07-02 23:00:02','2019-07-02 23:00:02'),(106,'2019-07-02','17:00:11','Cerró Sesión del sistema',1,'2019-07-02 23:00:11','2019-07-02 23:00:11'),(107,'2019-07-02','17:00:19','inicio de sesion',3,'2019-07-02 23:00:19','2019-07-02 23:00:19'),(108,'2019-07-02','17:03:00','Registró una cotización',3,'2019-07-02 23:03:00','2019-07-02 23:03:00'),(109,'2019-07-02','17:03:12','Registró una cotización',3,'2019-07-02 23:03:12','2019-07-02 23:03:12'),(110,'2019-07-02','17:06:55','Registró una cotización',3,'2019-07-02 23:06:55','2019-07-02 23:06:55'),(111,'2019-07-02','17:08:05','Cerró Sesión del sistema',3,'2019-07-02 23:08:05','2019-07-02 23:08:05'),(112,'2019-07-03','07:58:15','inicio de sesion',1,'2019-07-03 13:58:15','2019-07-03 13:58:15'),(113,'2019-07-03','07:59:20','Cerró Sesión del sistema',1,'2019-07-03 13:59:20','2019-07-03 13:59:20'),(114,'2019-07-03','07:59:29','inicio de sesion',3,'2019-07-03 13:59:29','2019-07-03 13:59:29'),(115,'2019-07-03','08:27:46','inicio de sesion',1,'2019-07-03 14:27:46','2019-07-03 14:27:46'),(116,'2019-07-03','08:37:12','inicio de sesion',3,'2019-07-03 14:37:12','2019-07-03 14:37:12'),(117,'2019-07-03','08:56:52','inicio de sesion',2,'2019-07-03 14:56:52','2019-07-03 14:56:52'),(118,'2019-07-03','09:06:55','Cerró Sesión del sistema',3,'2019-07-03 15:06:55','2019-07-03 15:06:55'),(119,'2019-07-03','09:07:10','inicio de sesion',1,'2019-07-03 15:07:10','2019-07-03 15:07:10'),(120,'2019-07-03','09:21:45','Cerró Sesión del sistema',1,'2019-07-03 15:21:46','2019-07-03 15:21:46'),(121,'2019-07-03','09:21:53','inicio de sesion',3,'2019-07-03 15:21:53','2019-07-03 15:21:53'),(122,'2019-07-03','09:31:04','Registró una cotización',3,'2019-07-03 15:31:04','2019-07-03 15:31:04'),(123,'2019-07-03','09:32:37','Registró una cotización',3,'2019-07-03 15:32:37','2019-07-03 15:32:37'),(124,'2019-07-03','10:08:50','Modificó un registro',2,'2019-07-03 16:08:50','2019-07-03 16:08:50'),(125,'2019-07-03','10:32:54','Cerró Sesión del sistema',2,'2019-07-03 16:32:54','2019-07-03 16:32:54'),(126,'2019-07-03','11:30:54','Cerró Sesión del sistema',3,'2019-07-03 17:30:54','2019-07-03 17:30:54'),(127,'2019-07-03','13:26:25','inicio de sesion',1,'2019-07-03 19:26:25','2019-07-03 19:26:25'),(128,'2019-07-03','15:47:39','Cerró Sesión del sistema',1,'2019-07-03 21:47:39','2019-07-03 21:47:39'),(129,'2019-07-04','08:20:43','inicio de sesion',1,'2019-07-04 14:20:43','2019-07-04 14:20:43'),(130,'2019-07-04','10:13:47','Cerró Sesión del sistema',1,'2019-07-04 16:13:47','2019-07-04 16:13:47'),(131,'2019-07-04','10:13:56','inicio de sesion',2,'2019-07-04 16:13:56','2019-07-04 16:13:56'),(132,'2019-07-04','10:14:05','Cerró Sesión del sistema',2,'2019-07-04 16:14:05','2019-07-04 16:14:05'),(133,'2019-07-04','10:14:13','inicio de sesion',3,'2019-07-04 16:14:13','2019-07-04 16:14:13'),(134,'2019-07-04','10:14:34','Cerró Sesión del sistema',3,'2019-07-04 16:14:34','2019-07-04 16:14:34'),(135,'2019-07-05','08:51:27','inicio de sesion',1,'2019-07-05 14:51:27','2019-07-05 14:51:27'),(136,'2019-07-06','08:13:01','inicio de sesion',1,'2019-07-06 14:13:01','2019-07-06 14:13:01'),(137,'2019-07-06','10:31:54','Cerró Sesión del sistema',1,'2019-07-06 16:31:54','2019-07-06 16:31:54'),(138,'2019-07-06','10:32:01','inicio de sesion',2,'2019-07-06 16:32:01','2019-07-06 16:32:01'),(139,'2019-07-06','11:40:15','Cerró Sesión del sistema',2,'2019-07-06 17:40:15','2019-07-06 17:40:15'),(140,'2019-07-09','10:47:51','inicio de sesion',1,'2019-07-09 16:47:51','2019-07-09 16:47:51'),(141,'2019-07-09','10:48:47','Cerró Sesión del sistema',1,'2019-07-09 16:48:48','2019-07-09 16:48:48'),(142,'2019-07-09','10:48:58','inicio de sesion',2,'2019-07-09 16:48:58','2019-07-09 16:48:58'),(143,'2019-07-09','12:03:09','Cerró Sesión del sistema',2,'2019-07-09 18:03:09','2019-07-09 18:03:09'),(144,'2019-07-10','08:43:05','inicio de sesion',1,'2019-07-10 14:43:05','2019-07-10 14:43:05'),(145,'2019-07-10','09:49:57','Cerró Sesión del sistema',1,'2019-07-10 15:49:57','2019-07-10 15:49:57'),(146,'2019-07-10','09:50:03','inicio de sesion',3,'2019-07-10 15:50:03','2019-07-10 15:50:03'),(147,'2019-07-10','11:06:35','Cerró Sesión del sistema',3,'2019-07-10 17:06:35','2019-07-10 17:06:35'),(148,'2019-07-10','14:17:34','inicio de sesion',1,'2019-07-10 20:17:34','2019-07-10 20:17:34'),(149,'2019-07-10','14:27:40','Cerró Sesión del sistema',1,'2019-07-10 20:27:40','2019-07-10 20:27:40'),(150,'2019-07-10','14:27:49','inicio de sesion',3,'2019-07-10 20:27:49','2019-07-10 20:27:49'),(151,'2019-07-10','16:31:09','Registró una cotización',3,'2019-07-10 22:31:09','2019-07-10 22:31:09'),(152,'2019-07-10','16:34:05','Cerró Sesión del sistema',3,'2019-07-10 22:34:05','2019-07-10 22:34:05'),(153,'2019-07-10','16:34:12','inicio de sesion',2,'2019-07-10 22:34:12','2019-07-10 22:34:12'),(154,'2019-07-10','16:45:25','Cerró Sesión del sistema',2,'2019-07-10 22:45:25','2019-07-10 22:45:25'),(155,'2019-07-10','16:45:36','inicio de sesion',1,'2019-07-10 22:45:36','2019-07-10 22:45:36'),(156,'2019-07-10','16:53:53','Cerró Sesión del sistema',1,'2019-07-10 22:53:53','2019-07-10 22:53:53'),(157,'2019-07-10','16:54:01','inicio de sesion',3,'2019-07-10 22:54:01','2019-07-10 22:54:01'),(158,'2019-07-10','17:15:00','Cerró Sesión del sistema',3,'2019-07-10 23:15:00','2019-07-10 23:15:00'),(159,'2019-07-11','08:47:31','inicio de sesion',1,'2019-07-11 14:47:31','2019-07-11 14:47:31'),(160,'2019-07-11','08:57:50','Cerró Sesión del sistema',1,'2019-07-11 14:57:50','2019-07-11 14:57:50'),(161,'2019-07-11','08:57:56','inicio de sesion',3,'2019-07-11 14:57:56','2019-07-11 14:57:56'),(162,'2019-07-11','09:05:55','Registró una cotización',3,'2019-07-11 15:05:55','2019-07-11 15:05:55'),(163,'2019-07-11','09:35:09','Registró una cotización',3,'2019-07-11 15:35:09','2019-07-11 15:35:09'),(164,'2019-07-11','09:37:59','Registró una cotización',3,'2019-07-11 15:37:59','2019-07-11 15:37:59'),(165,'2019-07-11','12:24:27','Cerró Sesión del sistema',3,'2019-07-11 18:24:27','2019-07-11 18:24:27'),(166,'2019-07-11','13:54:17','inicio de sesion',1,'2019-07-11 19:54:17','2019-07-11 19:54:17'),(167,'2019-07-11','14:16:22','Cerró Sesión del sistema',1,'2019-07-11 20:16:22','2019-07-11 20:16:22'),(168,'2019-07-11','14:16:34','inicio de sesion',3,'2019-07-11 20:16:34','2019-07-11 20:16:34'),(169,'2019-07-11','15:17:09','Cerró Sesión del sistema',3,'2019-07-11 21:17:09','2019-07-11 21:17:09'),(170,'2019-07-11','15:17:15','inicio de sesion',1,'2019-07-11 21:17:15','2019-07-11 21:17:15'),(171,'2019-07-11','15:17:49','Cerró Sesión del sistema',1,'2019-07-11 21:17:50','2019-07-11 21:17:50'),(172,'2019-07-11','15:18:00','inicio de sesion',3,'2019-07-11 21:18:00','2019-07-11 21:18:00'),(173,'2019-07-11','15:46:35','Cerró Sesión del sistema',3,'2019-07-11 21:46:35','2019-07-11 21:46:35'),(174,'2019-07-12','08:23:50','inicio de sesion',3,'2019-07-12 14:23:50','2019-07-12 14:23:50'),(175,'2019-07-12','19:56:29','inicio de sesion',1,'2019-07-13 01:56:29','2019-07-13 01:56:29'),(176,'2019-07-12','19:59:02','Cerró Sesión del sistema',1,'2019-07-13 01:59:02','2019-07-13 01:59:02'),(177,'2019-07-12','19:59:09','inicio de sesion',3,'2019-07-13 01:59:09','2019-07-13 01:59:09'),(178,'2019-07-12','20:02:52','Registró una cotización',3,'2019-07-13 02:02:52','2019-07-13 02:02:52'),(179,'2019-07-12','20:03:04','Registró una cotización',3,'2019-07-13 02:03:04','2019-07-13 02:03:04'),(180,'2019-07-13','09:48:17','inicio de sesion',3,'2019-07-13 15:48:17','2019-07-13 15:48:17'),(181,'2019-07-13','15:36:09','Cerró Sesión del sistema',3,'2019-07-13 21:36:09','2019-07-13 21:36:09'),(182,'2019-07-15','08:29:20','inicio de sesion',3,'2019-07-15 14:29:20','2019-07-15 14:29:20'),(183,'2019-07-15','11:50:25','Cerró Sesión del sistema',3,'2019-07-15 17:50:25','2019-07-15 17:50:25'),(184,'2019-07-16','10:25:40','inicio de sesion',3,'2019-07-16 16:25:40','2019-07-16 16:25:40'),(185,'2019-07-16','11:25:19','Cerró Sesión del sistema',3,'2019-07-16 17:25:19','2019-07-16 17:25:19'),(186,'2019-07-16','14:25:03','inicio de sesion',3,'2019-07-16 20:25:03','2019-07-16 20:25:03'),(187,'2019-07-16','16:53:30','Cerró Sesión del sistema',3,'2019-07-16 22:53:30','2019-07-16 22:53:30'),(188,'2019-07-17','09:53:41','inicio de sesion',3,'2019-07-17 15:53:41','2019-07-17 15:53:41'),(189,'2019-07-18','09:01:32','inicio de sesion',3,'2019-07-18 15:01:32','2019-07-18 15:01:32'),(190,'2019-07-18','10:42:59','Cerró Sesión del sistema',3,'2019-07-18 16:42:59','2019-07-18 16:42:59'),(191,'2019-07-19','09:08:41','inicio de sesion',3,'2019-07-19 15:08:41','2019-07-19 15:08:41'),(192,'2019-07-20','19:55:08','inicio de sesion',3,'2019-07-21 01:55:08','2019-07-21 01:55:08'),(193,'2019-07-20','23:50:25','Cerró Sesión del sistema',3,'2019-07-21 05:50:25','2019-07-21 05:50:25'),(194,'2019-07-21','10:21:05','inicio de sesion',3,'2019-07-21 16:21:05','2019-07-21 16:21:05'),(195,'2019-07-22','10:22:28','inicio de sesion',3,'2019-07-22 16:22:28','2019-07-22 16:22:28'),(196,'2019-07-22','16:25:42','Registró una cotización',3,'2019-07-22 22:25:42','2019-07-22 22:25:42'),(197,'2019-07-22','16:31:02','Registró una cotización',3,'2019-07-22 22:31:02','2019-07-22 22:31:02'),(198,'2019-07-22','16:42:17','Registró una cotización',3,'2019-07-22 22:42:17','2019-07-22 22:42:17'),(199,'2019-07-22','16:51:02','Cerró Sesión del sistema',3,'2019-07-22 22:51:02','2019-07-22 22:51:02'),(200,'2019-07-23','10:03:46','inicio de sesion',3,'2019-07-23 16:03:46','2019-07-23 16:03:46'),(201,'2019-07-23','10:28:19','Registró una cotización',3,'2019-07-23 16:28:19','2019-07-23 16:28:19'),(202,'2019-07-23','10:32:38','Registró una cotización',3,'2019-07-23 16:32:38','2019-07-23 16:32:38'),(203,'2019-07-23','11:53:15','Cerró Sesión del sistema',3,'2019-07-23 17:53:15','2019-07-23 17:53:15'),(204,'2019-07-26','10:56:52','inicio de sesion',3,'2019-07-26 16:56:52','2019-07-26 16:56:52'),(205,'2019-07-26','11:21:18','Registró una cotización',3,'2019-07-26 17:21:18','2019-07-26 17:21:18'),(206,'2019-07-26','11:22:52','Cerró Sesión del sistema',3,'2019-07-26 17:22:52','2019-07-26 17:22:52'),(207,'2019-07-29','09:19:55','inicio de sesion',3,'2019-07-29 15:19:55','2019-07-29 15:19:55'),(208,'2019-07-29','14:37:29','inicio de sesion',3,'2019-07-29 20:37:29','2019-07-29 20:37:29'),(209,'2019-07-29','15:58:24','Registró una cotización',3,'2019-07-29 21:58:24','2019-07-29 21:58:24'),(210,'2019-07-29','15:58:41','Registró una cotización',3,'2019-07-29 21:58:41','2019-07-29 21:58:41'),(211,'2019-07-29','15:58:52','Registró una cotización',3,'2019-07-29 21:58:52','2019-07-29 21:58:52'),(212,'2019-07-29','15:59:10','Registró una cotización',3,'2019-07-29 21:59:10','2019-07-29 21:59:10'),(213,'2019-07-29','16:28:39','Cerró Sesión del sistema',3,'2019-07-29 22:28:39','2019-07-29 22:28:39'),(214,'2019-07-30','08:35:14','inicio de sesion',3,'2019-07-30 14:35:14','2019-07-30 14:35:14'),(215,'2019-07-30','10:02:47','Cerró Sesión del sistema',3,'2019-07-30 16:02:47','2019-07-30 16:02:47'),(216,'2019-07-30','14:29:08','inicio de sesion',3,'2019-07-30 20:29:08','2019-07-30 20:29:08'),(217,'2019-07-30','16:35:53','Registró una cotización',3,'2019-07-30 22:35:53','2019-07-30 22:35:53'),(218,'2019-07-30','16:54:26','Registró una cotización',3,'2019-07-30 22:54:26','2019-07-30 22:54:26'),(219,'2019-07-30','17:08:17','Registró una cotización',3,'2019-07-30 23:08:17','2019-07-30 23:08:17'),(220,'2019-08-03','11:54:30','inicio de sesion',3,'2019-08-03 17:54:30','2019-08-03 17:54:30'),(221,'2019-08-03','16:37:51','Modificó un registro',3,'2019-08-03 22:37:51','2019-08-03 22:37:51'),(222,'2019-08-03','16:41:40','Cerró Sesión del sistema',3,'2019-08-03 22:41:41','2019-08-03 22:41:41'),(223,'2019-08-05','10:20:56','inicio de sesion',3,'2019-08-05 16:20:56','2019-08-05 16:20:56'),(224,'2019-08-05','15:59:11','inicio de sesion',3,'2019-08-05 21:59:11','2019-08-05 21:59:11'),(225,'2019-08-12','08:14:30','inicio de sesion',3,'2019-08-12 14:14:30','2019-08-12 14:14:30'),(226,'2019-08-12','11:59:06','Registró un proyecto',3,'2019-08-12 17:59:06','2019-08-12 17:59:06'),(227,'2019-08-12','12:00:11','Registró un proyecto',3,'2019-08-12 18:00:11','2019-08-12 18:00:11'),(228,'2019-08-12','12:00:44','Cerró Sesión del sistema',3,'2019-08-12 18:00:44','2019-08-12 18:00:44'),(229,'2019-08-12','14:09:37','inicio de sesion',3,'2019-08-12 20:09:37','2019-08-12 20:09:37'),(230,'2019-08-13','08:49:26','inicio de sesion',3,'2019-08-13 14:49:26','2019-08-13 14:49:26'),(231,'2019-08-13','09:33:41','Registró una cotización',3,'2019-08-13 15:33:41','2019-08-13 15:33:41'),(232,'2019-08-13','09:38:30','Registró una cotización',3,'2019-08-13 15:38:30','2019-08-13 15:38:30'),(233,'2019-08-13','09:39:20','Registró una cotización',3,'2019-08-13 15:39:20','2019-08-13 15:39:20'),(234,'2019-08-13','14:43:23','Cerró Sesión del sistema',3,'2019-08-13 20:43:23','2019-08-13 20:43:23'),(235,'2019-08-16','08:41:07','inicio de sesion',3,'2019-08-16 14:41:07','2019-08-16 14:41:07'),(236,'2019-08-16','13:33:04','Cerró Sesión del sistema',3,'2019-08-16 19:33:04','2019-08-16 19:33:04'),(237,'2019-08-19','08:40:46','inicio de sesion',3,'2019-08-19 14:40:46','2019-08-19 14:40:46'),(238,'2019-08-19','09:11:40','Registró una cotización',3,'2019-08-19 15:11:40','2019-08-19 15:11:40'),(239,'2019-08-19','09:19:04','Cerró Sesión del sistema',3,'2019-08-19 15:19:04','2019-08-19 15:19:04'),(240,'2019-08-19','09:19:12','inicio de sesion',1,'2019-08-19 15:19:12','2019-08-19 15:19:12'),(241,'2019-08-19','09:19:47','Cerró Sesión del sistema',1,'2019-08-19 15:19:47','2019-08-19 15:19:47'),(242,'2019-08-19','09:19:54','inicio de sesion',2,'2019-08-19 15:19:54','2019-08-19 15:19:54'),(243,'2019-08-19','13:55:25','inicio de sesion',2,'2019-08-19 19:55:25','2019-08-19 19:55:25'),(244,'2019-08-20','08:39:59','inicio de sesion',2,'2019-08-20 14:39:59','2019-08-20 14:39:59'),(245,'2019-08-20','10:17:17','Cerró Sesión del sistema',2,'2019-08-20 16:17:17','2019-08-20 16:17:17'),(246,'2019-08-20','10:17:24','inicio de sesion',3,'2019-08-20 16:17:24','2019-08-20 16:17:24'),(247,'2019-08-20','10:59:18','Cerró Sesión del sistema',3,'2019-08-20 16:59:18','2019-08-20 16:59:18'),(248,'2019-08-22','08:19:43','inicio de sesion',3,'2019-08-22 14:19:43','2019-08-22 14:19:43'),(249,'2019-08-22','08:41:39','Registró una cotización',3,'2019-08-22 14:41:39','2019-08-22 14:41:39'),(250,'2019-08-22','08:41:53','Registró una cotización',3,'2019-08-22 14:41:53','2019-08-22 14:41:53'),(251,'2019-08-22','08:42:06','Registró una cotización',3,'2019-08-22 14:42:06','2019-08-22 14:42:06'),(252,'2019-08-22','09:11:03','inicio de sesion',2,'2019-08-22 15:11:03','2019-08-22 15:11:03'),(253,'2019-08-22','09:14:52','Cerró Sesión del sistema',2,'2019-08-22 15:14:52','2019-08-22 15:14:52'),(254,'2019-08-22','09:16:01','inicio de sesion',2,'2019-08-22 15:16:01','2019-08-22 15:16:01'),(255,'2019-08-22','09:49:42','Registró una cotización',3,'2019-08-22 15:49:42','2019-08-22 15:49:42'),(256,'2019-08-22','09:50:06','Registró una cotización',3,'2019-08-22 15:50:06','2019-08-22 15:50:06'),(257,'2019-08-26','10:24:47','inicio de sesion',3,'2019-08-26 16:24:47','2019-08-26 16:24:47'),(258,'2019-08-26','13:29:10','inicio de sesion',3,'2019-08-26 19:29:10','2019-08-26 19:29:10'),(259,'2019-08-26','14:34:56','Cerró Sesión del sistema',3,'2019-08-26 20:34:56','2019-08-26 20:34:56'),(260,'2019-08-27','13:53:10','inicio de sesion',3,'2019-08-27 19:53:10','2019-08-27 19:53:10'),(261,'2019-08-27','14:35:33','Registró una cotización',3,'2019-08-27 20:35:33','2019-08-27 20:35:33'),(262,'2019-08-27','15:23:51','Cerró Sesión del sistema',3,'2019-08-27 21:23:51','2019-08-27 21:23:51'),(263,'2019-08-29','08:27:07','inicio de sesion',3,'2019-08-29 14:27:07','2019-08-29 14:27:07'),(264,'2019-08-29','09:27:08','Registró una cotización',3,'2019-08-29 15:27:08','2019-08-29 15:27:08'),(265,'2019-08-29','09:27:28','Registró una cotización',3,'2019-08-29 15:27:28','2019-08-29 15:27:28'),(266,'2019-08-29','09:39:01','Registró una cotización',3,'2019-08-29 15:39:01','2019-08-29 15:39:01'),(267,'2019-08-29','09:47:25','Registró una cotización',3,'2019-08-29 15:47:25','2019-08-29 15:47:25'),(268,'2019-08-29','09:47:39','Registró una cotización',3,'2019-08-29 15:47:39','2019-08-29 15:47:39'),(269,'2019-08-29','12:59:48','Cerró Sesión del sistema',3,'2019-08-29 18:59:48','2019-08-29 18:59:48'),(270,'2019-08-29','12:59:56','inicio de sesion',2,'2019-08-29 18:59:56','2019-08-29 18:59:56'),(271,'2019-08-29','13:00:07','Cerró Sesión del sistema',2,'2019-08-29 19:00:07','2019-08-29 19:00:07'),(272,'2019-08-29','13:00:15','inicio de sesion',3,'2019-08-29 19:00:15','2019-08-29 19:00:15'),(273,'2019-08-29','13:40:53','Registró una cotización',3,'2019-08-29 19:40:53','2019-08-29 19:40:53'),(274,'2019-08-29','13:41:09','Registró una cotización',3,'2019-08-29 19:41:09','2019-08-29 19:41:09'),(275,'2019-08-29','14:34:32','Cerró Sesión del sistema',3,'2019-08-29 20:34:33','2019-08-29 20:34:33'),(276,'2019-08-29','14:34:43','inicio de sesion',2,'2019-08-29 20:34:43','2019-08-29 20:34:43'),(277,'2019-08-29','14:47:46','Cerró Sesión del sistema',2,'2019-08-29 20:47:46','2019-08-29 20:47:46'),(278,'2019-08-29','14:47:54','inicio de sesion',3,'2019-08-29 20:47:54','2019-08-29 20:47:54'),(279,'2019-08-29','15:32:06','Registró una cotización',3,'2019-08-29 21:32:06','2019-08-29 21:32:06'),(280,'2019-08-29','15:32:54','Registró una cotización',3,'2019-08-29 21:32:54','2019-08-29 21:32:54'),(281,'2019-08-29','15:33:04','Registró una cotización',3,'2019-08-29 21:33:04','2019-08-29 21:33:04'),(282,'2019-08-30','08:55:22','inicio de sesion',3,'2019-08-30 14:55:22','2019-08-30 14:55:22'),(283,'2019-08-30','09:22:31','Registró una cotización',3,'2019-08-30 15:22:31','2019-08-30 15:22:31'),(284,'2019-08-30','09:22:50','Registró una cotización',3,'2019-08-30 15:22:50','2019-08-30 15:22:50'),(285,'2019-08-30','09:44:01','inicio de sesion',3,'2019-08-30 15:44:01','2019-08-30 15:44:01'),(286,'2019-08-30','10:09:39','Cerró Sesión del sistema',3,'2019-08-30 16:09:39','2019-08-30 16:09:39'),(287,'2019-08-30','10:12:36','Registró una cotización',3,'2019-08-30 16:12:36','2019-08-30 16:12:36'),(288,'2019-08-30','10:14:30','Registró una cotización',3,'2019-08-30 16:14:30','2019-08-30 16:14:30'),(289,'2019-08-30','11:33:31','Registró una cotización',3,'2019-08-30 17:33:31','2019-08-30 17:33:31'),(290,'2019-09-02','10:34:12','inicio de sesion',3,'2019-09-02 16:34:12','2019-09-02 16:34:12'),(291,'2019-09-02','13:02:55','Cerró Sesión del sistema',3,'2019-09-02 19:02:55','2019-09-02 19:02:55'),(292,'2019-09-02','13:03:10','inicio de sesion',2,'2019-09-02 19:03:10','2019-09-02 19:03:10'),(293,'2019-09-02','13:05:05','Cerró Sesión del sistema',2,'2019-09-02 19:05:06','2019-09-02 19:05:06'),(294,'2019-09-02','13:05:14','inicio de sesion',1,'2019-09-02 19:05:14','2019-09-02 19:05:14'),(295,'2019-09-02','13:16:08','Cerró Sesión del sistema',1,'2019-09-02 19:16:08','2019-09-02 19:16:08'),(296,'2019-09-02','13:16:14','inicio de sesion',3,'2019-09-02 19:16:14','2019-09-02 19:16:14'),(297,'2019-09-03','08:39:28','inicio de sesion',3,'2019-09-03 14:39:28','2019-09-03 14:39:28'),(298,'2019-09-03','10:46:47','Cerró Sesión del sistema',3,'2019-09-03 16:46:47','2019-09-03 16:46:47'),(299,'2019-09-04','08:25:18','inicio de sesion',3,'2019-09-04 14:25:18','2019-09-04 14:25:18'),(300,'2019-09-04','09:51:41','Cerró Sesión del sistema',3,'2019-09-04 15:51:41','2019-09-04 15:51:41'),(301,'2019-09-04','09:51:50','inicio de sesion',2,'2019-09-04 15:51:50','2019-09-04 15:51:50'),(302,'2019-09-04','09:53:29','Cerró Sesión del sistema',2,'2019-09-04 15:53:29','2019-09-04 15:53:29'),(303,'2019-09-04','09:54:16','inicio de sesion',3,'2019-09-04 15:54:16','2019-09-04 15:54:16'),(304,'2019-09-04','10:04:35','inicio de sesion',2,'2019-09-04 16:04:36','2019-09-04 16:04:36'),(305,'2019-09-04','10:10:55','Cerró Sesión del sistema',2,'2019-09-04 16:10:55','2019-09-04 16:10:55'),(306,'2019-09-04','10:11:01','inicio de sesion',1,'2019-09-04 16:11:01','2019-09-04 16:11:01'),(307,'2019-09-04','10:12:49','Cerró Sesión del sistema',1,'2019-09-04 16:12:49','2019-09-04 16:12:49'),(308,'2019-09-04','10:12:55','inicio de sesion',2,'2019-09-04 16:12:55','2019-09-04 16:12:55'),(309,'2019-09-04','10:26:34','Cerró Sesión del sistema',3,'2019-09-04 16:26:34','2019-09-04 16:26:34'),(310,'2019-09-04','10:26:42','inicio de sesion',3,'2019-09-04 16:26:42','2019-09-04 16:26:42'),(311,'2019-09-04','10:26:49','Cerró Sesión del sistema',2,'2019-09-04 16:26:49','2019-09-04 16:26:49'),(312,'2019-09-04','10:27:02','inicio de sesion',2,'2019-09-04 16:27:02','2019-09-04 16:27:02'),(313,'2019-09-04','10:52:37','Cerró Sesión del sistema',2,'2019-09-04 16:52:37','2019-09-04 16:52:37'),(314,'2019-09-04','10:59:48','Cerró Sesión del sistema',3,'2019-09-04 16:59:49','2019-09-04 16:59:49'),(315,'2019-09-04','11:10:36','inicio de sesion',1,'2019-09-04 17:10:36','2019-09-04 17:10:36'),(316,'2019-09-04','11:14:09','Cerró Sesión del sistema',1,'2019-09-04 17:14:09','2019-09-04 17:14:09'),(317,'2019-09-06','14:49:03','inicio de sesion',3,'2019-09-06 20:49:03','2019-09-06 20:49:03'),(318,'2019-09-09','08:51:18','inicio de sesion',3,'2019-09-09 14:51:18','2019-09-09 14:51:18'),(319,'2019-09-09','08:59:09','Cerró Sesión del sistema',3,'2019-09-09 14:59:09','2019-09-09 14:59:09'),(320,'2019-09-09','08:59:16','inicio de sesion',1,'2019-09-09 14:59:16','2019-09-09 14:59:16'),(321,'2019-09-09','09:00:38','Cerró Sesión del sistema',1,'2019-09-09 15:00:39','2019-09-09 15:00:39'),(322,'2019-09-09','09:00:49','inicio de sesion',3,'2019-09-09 15:00:49','2019-09-09 15:00:49'),(323,'2019-09-09','09:06:06','inicio de sesion',2,'2019-09-09 15:06:06','2019-09-09 15:06:06'),(324,'2019-09-09','14:50:25','Cerró Sesión del sistema',3,'2019-09-09 20:50:25','2019-09-09 20:50:25'),(325,'2019-09-09','14:50:43','Cerró Sesión del sistema',2,'2019-09-09 20:50:43','2019-09-09 20:50:43'),(326,'2019-09-16','08:46:32','inicio de sesion',3,'2019-09-16 14:46:32','2019-09-16 14:46:32'),(327,'2019-09-16','14:36:49','Registró una cotización',3,'2019-09-16 20:36:49','2019-09-16 20:36:49'),(328,'2019-09-18','08:10:05','inicio de sesion',3,'2019-09-18 14:10:05','2019-09-18 14:10:05'),(329,'2019-09-18','15:25:12','Cerró Sesión del sistema',3,'2019-09-18 21:25:12','2019-09-18 21:25:12'),(330,'2019-09-18','15:25:19','inicio de sesion',2,'2019-09-18 21:25:19','2019-09-18 21:25:19'),(331,'2019-09-18','15:28:56','Cerró Sesión del sistema',2,'2019-09-18 21:28:56','2019-09-18 21:28:56'),(332,'2019-09-18','15:29:02','inicio de sesion',3,'2019-09-18 21:29:02','2019-09-18 21:29:02'),(333,'2019-09-21','09:03:28','inicio de sesion',3,'2019-09-21 15:03:28','2019-09-21 15:03:28'),(334,'2019-09-21','12:04:59','Cerró Sesión del sistema',3,'2019-09-21 18:04:59','2019-09-21 18:04:59'),(335,'2019-09-21','12:07:58','inicio de sesion',3,'2019-09-21 18:07:58','2019-09-21 18:07:58'),(336,'2019-09-23','08:57:14','inicio de sesion',3,'2019-09-23 14:57:14','2019-09-23 14:57:14'),(337,'2019-09-23','09:52:06','Registró una cotización',3,'2019-09-23 15:52:06','2019-09-23 15:52:06'),(338,'2019-09-23','09:57:03','Registró una cotización',3,'2019-09-23 15:57:03','2019-09-23 15:57:03'),(339,'2019-09-23','10:04:51','Registró una cotización',3,'2019-09-23 16:04:51','2019-09-23 16:04:51'),(340,'2019-09-23','10:12:21','Registró una cotización',3,'2019-09-23 16:12:21','2019-09-23 16:12:21'),(341,'2019-09-23','10:14:28','Registró una cotización',3,'2019-09-23 16:14:28','2019-09-23 16:14:28'),(342,'2019-09-23','12:23:57','Cerró Sesión del sistema',3,'2019-09-23 18:23:57','2019-09-23 18:23:57'),(343,'2019-09-24','08:15:40','inicio de sesion',3,'2019-09-24 14:15:40','2019-09-24 14:15:40'),(344,'2019-09-24','08:23:57','Registró un proyecto',3,'2019-09-24 14:23:57','2019-09-24 14:23:57'),(345,'2019-09-24','08:24:45','Registró un proyecto',3,'2019-09-24 14:24:45','2019-09-24 14:24:45'),(346,'2019-09-24','14:29:49','Cerró Sesión del sistema',3,'2019-09-24 20:29:49','2019-09-24 20:29:49'),(347,'2019-09-26','07:56:38','inicio de sesion',3,'2019-09-26 13:56:38','2019-09-26 13:56:38'),(348,'2019-09-26','08:52:15','Registró una cotización',3,'2019-09-26 14:52:15','2019-09-26 14:52:15'),(349,'2019-09-26','08:56:22','Registró una cotización',3,'2019-09-26 14:56:22','2019-09-26 14:56:22'),(350,'2019-09-26','09:03:44','Registró una cotización',3,'2019-09-26 15:03:44','2019-09-26 15:03:44'),(351,'2019-09-26','09:04:11','Registró una cotización',3,'2019-09-26 15:04:11','2019-09-26 15:04:11'),(352,'2019-09-26','09:04:22','Registró una cotización',3,'2019-09-26 15:04:22','2019-09-26 15:04:22'),(353,'2019-09-26','09:04:30','Registró una cotización',3,'2019-09-26 15:04:30','2019-09-26 15:04:30'),(354,'2019-09-26','09:15:37','Registró una cotización',3,'2019-09-26 15:15:37','2019-09-26 15:15:37'),(355,'2019-09-26','09:15:47','Registró una cotización',3,'2019-09-26 15:15:47','2019-09-26 15:15:47'),(356,'2019-09-26','09:15:56','Registró una cotización',3,'2019-09-26 15:15:56','2019-09-26 15:15:56'),(357,'2019-09-27','09:06:47','inicio de sesion',2,'2019-09-27 15:06:47','2019-09-27 15:06:47'),(358,'2019-09-27','09:32:09','Cerró Sesión del sistema',2,'2019-09-27 15:32:09','2019-09-27 15:32:09'),(359,'2019-09-27','09:32:16','inicio de sesion',3,'2019-09-27 15:32:16','2019-09-27 15:32:16'),(360,'2019-09-27','09:55:24','Registró un proyecto',3,'2019-09-27 15:55:24','2019-09-27 15:55:24'),(361,'2019-09-27','10:33:07','Cerró Sesión del sistema',3,'2019-09-27 16:33:07','2019-09-27 16:33:07'),(362,'2019-09-27','10:33:13','inicio de sesion',1,'2019-09-27 16:33:13','2019-09-27 16:33:13'),(363,'2019-09-27','10:48:58','inicio de sesion',1,'2019-09-27 16:48:58','2019-09-27 16:48:58'),(364,'2019-09-27','13:29:24','inicio de sesion',1,'2019-09-27 19:29:24','2019-09-27 19:29:24'),(365,'2019-09-27','15:46:05','inicio de sesion',1,'2019-09-27 21:46:05','2019-09-27 21:46:05'),(366,'2019-09-27','15:48:04','Cerró Sesión del sistema',1,'2019-09-27 21:48:04','2019-09-27 21:48:04'),(367,'2019-09-30','08:55:17','inicio de sesion',3,'2019-09-30 14:55:17','2019-09-30 14:55:17'),(368,'2019-09-30','08:58:05','Cerró Sesión del sistema',3,'2019-09-30 14:58:05','2019-09-30 14:58:05'),(369,'2019-09-30','08:58:16','inicio de sesion',1,'2019-09-30 14:58:16','2019-09-30 14:58:16'),(370,'2019-09-30','10:22:58','Cerró Sesión del sistema',1,'2019-09-30 16:22:58','2019-09-30 16:22:58'),(371,'2019-09-30','10:23:05','inicio de sesion',2,'2019-09-30 16:23:05','2019-09-30 16:23:05'),(372,'2019-09-30','14:16:12','Cerró Sesión del sistema',2,'2019-09-30 20:16:12','2019-09-30 20:16:12'),(373,'2019-09-30','14:16:18','inicio de sesion',1,'2019-09-30 20:16:18','2019-09-30 20:16:18'),(374,'2019-09-30','14:25:50','inicio de sesion',1,'2019-09-30 20:25:50','2019-09-30 20:25:50'),(375,'2019-09-30','14:32:41','Cerró Sesión del sistema',1,'2019-09-30 20:32:41','2019-09-30 20:32:41'),(376,'2019-09-30','14:32:48','inicio de sesion',2,'2019-09-30 20:32:48','2019-09-30 20:32:48'),(377,'2019-09-30','14:46:40','Cerró Sesión del sistema',2,'2019-09-30 20:46:40','2019-09-30 20:46:40'),(378,'2019-10-01','08:21:21','inicio de sesion',2,'2019-10-01 14:21:21','2019-10-01 14:21:21'),(379,'2019-10-01','09:09:12','inicio de sesion',3,'2019-10-01 15:09:12','2019-10-01 15:09:12'),(380,'2019-10-01','09:40:43','Cerró Sesión del sistema',3,'2019-10-01 15:40:43','2019-10-01 15:40:43'),(381,'2019-10-01','09:41:39','Cerró Sesión del sistema',2,'2019-10-01 15:41:39','2019-10-01 15:41:39'),(382,'2019-10-03','08:22:37','inicio de sesion',3,'2019-10-03 14:22:37','2019-10-03 14:22:37'),(383,'2019-10-03','08:23:26','Cerró Sesión del sistema',3,'2019-10-03 14:23:26','2019-10-03 14:23:26'),(384,'2019-10-03','08:23:44','inicio de sesion',2,'2019-10-03 14:23:44','2019-10-03 14:23:44'),(385,'2019-10-03','08:56:32','inicio de sesion',1,'2019-10-03 14:56:32','2019-10-03 14:56:32'),(386,'2019-10-03','09:50:37','Cerró Sesión del sistema',2,'2019-10-03 15:50:37','2019-10-03 15:50:37'),(387,'2019-10-03','10:26:27','inicio de sesion',3,'2019-10-03 16:26:27','2019-10-03 16:26:27'),(388,'2019-10-03','10:32:50','Registró una cotización',3,'2019-10-03 16:32:50','2019-10-03 16:32:50'),(389,'2019-10-03','10:33:14','Cerró Sesión del sistema',1,'2019-10-03 16:33:14','2019-10-03 16:33:14'),(390,'2019-10-03','10:33:24','inicio de sesion',2,'2019-10-03 16:33:24','2019-10-03 16:33:24'),(391,'2019-10-03','10:42:03','Cerró Sesión del sistema',3,'2019-10-03 16:42:03','2019-10-03 16:42:03'),(392,'2019-10-03','10:53:32','Cerró Sesión del sistema',2,'2019-10-03 16:53:32','2019-10-03 16:53:32'),(393,'2019-10-04','10:38:13','inicio de sesion',1,'2019-10-04 16:38:13','2019-10-04 16:38:13'),(394,'2019-10-04','16:52:35','Cerró Sesión del sistema',1,'2019-10-04 22:52:35','2019-10-04 22:52:35'),(395,'2019-10-05','08:56:20','inicio de sesion',3,'2019-10-05 14:56:20','2019-10-05 14:56:20'),(396,'2019-10-05','10:37:25','Cerró Sesión del sistema',3,'2019-10-05 16:37:25','2019-10-05 16:37:25'),(397,'2019-10-07','08:35:58','inicio de sesion',3,'2019-10-07 14:35:58','2019-10-07 14:35:58'),(398,'2019-10-07','08:56:56','Cerró Sesión del sistema',3,'2019-10-07 14:56:56','2019-10-07 14:56:56'),(399,'2019-10-07','08:57:03','inicio de sesion',1,'2019-10-07 14:57:03','2019-10-07 14:57:03'),(400,'2019-10-07','09:00:28','Cerró Sesión del sistema',1,'2019-10-07 15:00:28','2019-10-07 15:00:28'),(401,'2019-10-07','09:07:04','inicio de sesion',1,'2019-10-07 15:07:04','2019-10-07 15:07:04'),(402,'2019-10-07','09:13:31','Usuario  modificado',1,'2019-10-07 15:13:31','2019-10-07 15:13:31'),(403,'2019-10-07','09:26:04','Usuario  modificado',1,'2019-10-07 15:26:04','2019-10-07 15:26:04'),(404,'2019-10-07','09:28:56','Usuario  modificado',1,'2019-10-07 15:28:56','2019-10-07 15:28:56'),(405,'2019-10-07','09:29:09','Usuario  modificado',1,'2019-10-07 15:29:09','2019-10-07 15:29:09'),(406,'2019-10-07','09:30:49','Usuario  modificado',1,'2019-10-07 15:30:49','2019-10-07 15:30:49'),(407,'2019-10-07','09:31:07','Usuario  modificado',1,'2019-10-07 15:31:07','2019-10-07 15:31:07'),(408,'2019-10-07','09:31:33','Usuario  modificado',1,'2019-10-07 15:31:33','2019-10-07 15:31:33'),(409,'2019-10-07','09:33:23','Cerró Sesión del sistema',1,'2019-10-07 15:33:23','2019-10-07 15:33:23'),(410,'2019-10-07','09:33:37','inicio de sesion',1,'2019-10-07 15:33:37','2019-10-07 15:33:37'),(411,'2019-10-07','09:40:22','Cerró Sesión del sistema',1,'2019-10-07 15:40:22','2019-10-07 15:40:22'),(412,'2019-10-07','09:40:29','inicio de sesion',3,'2019-10-07 15:40:29','2019-10-07 15:40:29'),(413,'2019-10-07','10:50:05','Cerró Sesión del sistema',3,'2019-10-07 16:50:05','2019-10-07 16:50:05'),(414,'2019-10-07','10:50:15','inicio de sesion',1,'2019-10-07 16:50:15','2019-10-07 16:50:15'),(415,'2019-10-07','10:52:05','Cerró Sesión del sistema',1,'2019-10-07 16:52:05','2019-10-07 16:52:05'),(416,'2019-10-07','10:52:11','inicio de sesion',2,'2019-10-07 16:52:11','2019-10-07 16:52:11'),(417,'2019-10-07','10:52:19','Cerró Sesión del sistema',2,'2019-10-07 16:52:19','2019-10-07 16:52:19'),(418,'2019-10-07','10:52:24','inicio de sesion',1,'2019-10-07 16:52:24','2019-10-07 16:52:24'),(419,'2019-10-07','10:52:41','Usuario  modificado',1,'2019-10-07 16:52:41','2019-10-07 16:52:41'),(420,'2019-10-07','10:52:49','Cerró Sesión del sistema',1,'2019-10-07 16:52:49','2019-10-07 16:52:49'),(421,'2019-10-07','10:52:57','inicio de sesion',2,'2019-10-07 16:52:57','2019-10-07 16:52:57'),(422,'2019-10-07','14:25:13','Registró un usuario',2,'2019-10-07 20:25:13','2019-10-07 20:25:13'),(423,'2019-10-07','14:25:23','Cerró Sesión del sistema',2,'2019-10-07 20:25:23','2019-10-07 20:25:23'),(424,'2019-10-07','14:25:29','inicio de sesion',4,'2019-10-07 20:25:29','2019-10-07 20:25:29'),(425,'2019-10-07','14:26:48','Cerró Sesión del sistema',4,'2019-10-07 20:26:48','2019-10-07 20:26:48'),(426,'2019-10-07','14:26:59','inicio de sesion',2,'2019-10-07 20:26:59','2019-10-07 20:26:59'),(427,'2019-10-07','14:43:54','Cerró Sesión del sistema',2,'2019-10-07 20:43:54','2019-10-07 20:43:54'),(428,'2019-10-08','08:32:37','inicio de sesion',2,'2019-10-08 14:32:37','2019-10-08 14:32:37'),(429,'2019-10-08','13:16:50','Cerró Sesión del sistema',2,'2019-10-08 19:16:50','2019-10-08 19:16:50'),(430,'2019-10-08','13:17:01','inicio de sesion',3,'2019-10-08 19:17:01','2019-10-08 19:17:01'),(431,'2019-10-09','08:18:40','inicio de sesion',3,'2019-10-09 14:18:40','2019-10-09 14:18:40'),(432,'2019-10-09','08:19:36','Cerró Sesión del sistema',3,'2019-10-09 14:19:36','2019-10-09 14:19:36'),(433,'2019-10-09','08:19:47','inicio de sesion',2,'2019-10-09 14:19:47','2019-10-09 14:19:47'),(434,'2019-10-09','08:35:26','Cerró Sesión del sistema',2,'2019-10-09 14:35:26','2019-10-09 14:35:26'),(435,'2019-10-09','08:35:32','inicio de sesion',3,'2019-10-09 14:35:32','2019-10-09 14:35:32'),(436,'2019-10-09','11:45:15','Registró una cotización',3,'2019-10-09 17:45:15','2019-10-09 17:45:15'),(437,'2019-10-09','11:46:30','Registró una cotización',3,'2019-10-09 17:46:30','2019-10-09 17:46:30'),(438,'2019-10-09','15:05:57','Registró una cotización',3,'2019-10-09 21:05:57','2019-10-09 21:05:57'),(439,'2019-10-09','15:08:19','Registró una cotización',3,'2019-10-09 21:08:19','2019-10-09 21:08:19'),(440,'2019-10-09','15:11:20','Registró una cotización',3,'2019-10-09 21:11:20','2019-10-09 21:11:20'),(441,'2019-10-09','15:23:25','Registró una cotización',3,'2019-10-09 21:23:25','2019-10-09 21:23:25'),(442,'2019-10-09','15:35:50','Cerró Sesión del sistema',3,'2019-10-09 21:35:50','2019-10-09 21:35:50'),(443,'2019-10-09','15:35:58','inicio de sesion',3,'2019-10-09 21:35:58','2019-10-09 21:35:58'),(444,'2019-10-09','16:17:05','Cerró Sesión del sistema',3,'2019-10-09 22:17:05','2019-10-09 22:17:05'),(445,'2019-10-11','13:36:56','inicio de sesion',3,'2019-10-11 19:36:56','2019-10-11 19:36:56'),(446,'2019-10-11','13:41:38','Modificó un Proveedor',3,'2019-10-11 19:41:38','2019-10-11 19:41:38'),(447,'2019-10-11','13:43:22','inicio de sesion',3,'2019-10-11 19:43:22','2019-10-11 19:43:22'),(448,'2019-10-11','13:49:49','Modificó un Proveedor',3,'2019-10-11 19:49:49','2019-10-11 19:49:49'),(449,'2019-10-11','13:51:51','Modificó un Proveedor',3,'2019-10-11 19:51:51','2019-10-11 19:51:51'),(450,'2019-10-11','14:22:32','Cerró Sesión del sistema',3,'2019-10-11 20:22:33','2019-10-11 20:22:33'),(451,'2019-10-11','14:30:21','inicio de sesion',3,'2019-10-11 20:30:21','2019-10-11 20:30:21'),(452,'2019-10-11','16:57:24','Cerró Sesión del sistema',3,'2019-10-11 22:57:24','2019-10-11 22:57:24'),(453,'2019-10-11','20:52:41','inicio de sesion',3,'2019-10-12 02:52:41','2019-10-12 02:52:41'),(454,'2019-10-11','21:07:00','inicio de sesion',3,'2019-10-12 03:07:00','2019-10-12 03:07:00'),(455,'2019-10-11','21:13:22','Cerró Sesión del sistema',3,'2019-10-12 03:13:22','2019-10-12 03:13:22'),(456,'2019-10-11','23:13:45','Cerró Sesión del sistema',3,'2019-10-12 05:13:45','2019-10-12 05:13:45'),(457,'2019-10-12','09:12:42','inicio de sesion',3,'2019-10-12 15:12:42','2019-10-12 15:12:42'),(458,'2019-10-12','09:36:59','Cerró Sesión del sistema',3,'2019-10-12 15:36:59','2019-10-12 15:36:59'),(459,'2019-10-12','09:37:07','inicio de sesion',1,'2019-10-12 15:37:07','2019-10-12 15:37:07'),(460,'2019-10-12','11:19:09','Cerró Sesión del sistema',1,'2019-10-12 17:19:09','2019-10-12 17:19:09'),(461,'2019-10-12','11:19:30','inicio de sesion',3,'2019-10-12 17:19:30','2019-10-12 17:19:30'),(462,'2019-10-12','15:08:30','Cerró Sesión del sistema',3,'2019-10-12 21:08:30','2019-10-12 21:08:30'),(463,'2019-10-14','17:41:19','inicio de sesion',3,'2019-10-14 23:41:19','2019-10-14 23:41:19'),(464,'2019-10-14','17:59:13','Registró un proyecto',3,'2019-10-14 23:59:13','2019-10-14 23:59:13'),(465,'2019-10-14','18:26:10','Registró una forma de pago',3,'2019-10-15 00:26:10','2019-10-15 00:26:10'),(466,'2019-10-14','18:26:18','Registró una forma de pago',3,'2019-10-15 00:26:18','2019-10-15 00:26:18'),(467,'2019-10-14','18:26:27','Registró una forma de pago',3,'2019-10-15 00:26:27','2019-10-15 00:26:27'),(468,'2019-10-14','18:26:36','Registró una forma de pago',3,'2019-10-15 00:26:36','2019-10-15 00:26:36'),(469,'2019-10-14','18:26:44','Registró una forma de pago',3,'2019-10-15 00:26:44','2019-10-15 00:26:44'),(470,'2019-10-14','18:31:31','Registró una cotización',3,'2019-10-15 00:31:31','2019-10-15 00:31:31'),(471,'2019-10-14','18:52:13','inicio de sesion',4,'2019-10-15 00:52:13','2019-10-15 00:52:13'),(472,'2019-10-14','18:53:16','Cerró Sesión del sistema',4,'2019-10-15 00:53:16','2019-10-15 00:53:16'),(473,'2019-10-14','18:53:22','inicio de sesion',2,'2019-10-15 00:53:22','2019-10-15 00:53:22'),(474,'2019-10-14','18:56:47','Cerró Sesión del sistema',2,'2019-10-15 00:56:47','2019-10-15 00:56:47'),(475,'2019-10-15','10:01:40','inicio de sesion',1,'2019-10-15 16:01:40','2019-10-15 16:01:40'),(476,'2019-10-15','14:47:36','Cerró Sesión del sistema',1,'2019-10-15 20:47:36','2019-10-15 20:47:36'),(477,'2019-10-16','13:14:54','inicio de sesion',3,'2019-10-16 19:14:54','2019-10-16 19:14:54'),(478,'2019-10-16','13:27:04','Registró una cotización',3,'2019-10-16 19:27:04','2019-10-16 19:27:04'),(479,'2019-10-16','13:53:22','Registró una cotización',3,'2019-10-16 19:53:22','2019-10-16 19:53:22'),(480,'2019-10-16','13:53:53','Registró una cotización',3,'2019-10-16 19:53:53','2019-10-16 19:53:53'),(481,'2019-10-16','14:03:43','inicio de sesion',2,'2019-10-16 20:03:43','2019-10-16 20:03:43'),(482,'2019-10-16','14:32:07','Cerró Sesión del sistema',3,'2019-10-16 20:32:07','2019-10-16 20:32:07'),(483,'2019-10-17','09:51:07','inicio de sesion',3,'2019-10-17 15:51:07','2019-10-17 15:51:07'),(484,'2019-10-17','10:07:19','Registró un proyecto',3,'2019-10-17 16:07:19','2019-10-17 16:07:19'),(485,'2019-10-17','16:02:04','Cerró Sesión del sistema',3,'2019-10-17 22:02:05','2019-10-17 22:02:05'),(486,'2019-10-18','09:06:27','inicio de sesion',3,'2019-10-18 15:06:27','2019-10-18 15:06:27'),(487,'2019-10-18','09:21:56','Cerró Sesión del sistema',3,'2019-10-18 15:21:56','2019-10-18 15:21:56'),(488,'2019-10-18','09:22:05','inicio de sesion',2,'2019-10-18 15:22:05','2019-10-18 15:22:05'),(489,'2019-10-18','09:30:12','Cerró Sesión del sistema',2,'2019-10-18 15:30:12','2019-10-18 15:30:12'),(490,'2019-10-18','09:30:20','inicio de sesion',3,'2019-10-18 15:30:20','2019-10-18 15:30:20'),(491,'2019-10-18','11:27:23','Cerró Sesión del sistema',3,'2019-10-18 17:27:23','2019-10-18 17:27:23'),(492,'2019-10-18','21:34:14','inicio de sesion',3,'2019-10-19 03:34:14','2019-10-19 03:34:14'),(493,'2019-10-18','21:36:23','Cerró Sesión del sistema',3,'2019-10-19 03:36:23','2019-10-19 03:36:23'),(494,'2019-10-19','08:21:17','inicio de sesion',3,'2019-10-19 14:21:17','2019-10-19 14:21:17'),(495,'2019-10-19','11:10:43','Dió de baja a un banco',3,'2019-10-19 17:10:43','2019-10-19 17:10:43'),(496,'2019-10-19','11:33:52','inicio de sesion',3,'2019-10-19 17:33:52','2019-10-19 17:33:52'),(497,'2019-10-19','15:01:32','inicio de sesion',3,'2019-10-19 21:01:32','2019-10-19 21:01:32'),(498,'2019-10-24','08:31:29','inicio de sesion',3,'2019-10-24 14:31:29','2019-10-24 14:31:29'),(499,'2019-10-24','09:04:47','Cerró Sesión del sistema',3,'2019-10-24 15:04:47','2019-10-24 15:04:47'),(500,'2019-10-25','11:12:37','inicio de sesion',3,'2019-10-25 17:12:37','2019-10-25 17:12:37'),(501,'2019-10-25','11:23:53','Cerró Sesión del sistema',3,'2019-10-25 17:23:53','2019-10-25 17:23:53'),(502,'2019-10-29','13:54:44','inicio de sesion',3,'2019-10-29 19:54:44','2019-10-29 19:54:44'),(503,'2019-10-29','16:23:35','Cerró Sesión del sistema',3,'2019-10-29 22:23:35','2019-10-29 22:23:35'),(504,'2019-11-03','11:29:08','inicio de sesion',3,'2019-11-03 17:29:08','2019-11-03 17:29:08'),(505,'2019-11-05','14:24:49','inicio de sesion',3,'2019-11-05 20:24:49','2019-11-05 20:24:49'),(506,'2019-11-07','08:40:51','inicio de sesion',3,'2019-11-07 14:40:51','2019-11-07 14:40:51'),(507,'2019-11-07','09:27:33','inicio de sesion',2,'2019-11-07 15:27:33','2019-11-07 15:27:33'),(508,'2019-11-07','14:05:45','inicio de sesion',3,'2019-11-07 20:05:45','2019-11-07 20:05:45'),(509,'2019-11-07','14:06:03','inicio de sesion',2,'2019-11-07 20:06:03','2019-11-07 20:06:03'),(510,'2019-11-07','15:17:09','Cerró Sesión del sistema',3,'2019-11-07 21:17:09','2019-11-07 21:17:09'),(511,'2019-11-07','15:17:17','Cerró Sesión del sistema',2,'2019-11-07 21:17:17','2019-11-07 21:17:17'),(512,'2019-11-08','08:31:21','inicio de sesion',3,'2019-11-08 14:31:21','2019-11-08 14:31:21'),(513,'2019-11-08','09:32:08','inicio de sesion',2,'2019-11-08 15:32:08','2019-11-08 15:32:08'),(514,'2019-11-08','14:11:57','inicio de sesion',3,'2019-11-08 20:11:57','2019-11-08 20:11:57'),(515,'2019-11-08','14:12:26','inicio de sesion',2,'2019-11-08 20:12:26','2019-11-08 20:12:26'),(516,'2019-11-08','15:18:30','Cerró Sesión del sistema',2,'2019-11-08 21:18:30','2019-11-08 21:18:30'),(517,'2019-11-08','15:40:27','Modificó  Proyecto',3,'2019-11-08 21:40:27','2019-11-08 21:40:27'),(518,'2019-11-20','14:36:16','inicio de sesion',3,'2019-11-20 20:36:16','2019-11-20 20:36:16'),(519,'2019-11-20','15:28:45','inicio de sesion',2,'2019-11-20 21:28:45','2019-11-20 21:28:45'),(520,'2019-11-20','16:45:15','Cerró Sesión del sistema',2,'2019-11-20 22:45:15','2019-11-20 22:45:15'),(521,'2019-11-20','16:48:19','Cerró Sesión del sistema',3,'2019-11-20 22:48:19','2019-11-20 22:48:19'),(522,'2019-11-21','08:28:35','inicio de sesion',3,'2019-11-21 14:28:35','2019-11-21 14:28:35'),(523,'2019-11-21','08:29:11','inicio de sesion',2,'2019-11-21 14:29:11','2019-11-21 14:29:11'),(524,'2019-11-21','08:49:47','Cerró Sesión del sistema',3,'2019-11-21 14:49:47','2019-11-21 14:49:47'),(525,'2019-11-21','08:52:19','Cerró Sesión del sistema',2,'2019-11-21 14:52:19','2019-11-21 14:52:19'),(526,'2019-11-21','14:24:26','inicio de sesion',2,'2019-11-21 20:24:26','2019-11-21 20:24:26'),(527,'2019-12-03','14:58:06','inicio de sesion',2,'2019-12-03 20:58:06','2019-12-03 20:58:06'),(528,'2019-12-03','15:20:49','Cerró Sesión del sistema',2,'2019-12-03 21:20:49','2019-12-03 21:20:49'),(529,'2019-12-04','16:49:03','inicio de sesion',2,'2019-12-04 22:49:03','2019-12-04 22:49:03'),(530,'2019-12-04','18:31:35','Cerró Sesión del sistema',2,'2019-12-05 00:31:35','2019-12-05 00:31:35'),(531,'2019-12-05','16:15:55','inicio de sesion',2,'2019-12-05 22:15:55','2019-12-05 22:15:55'),(532,'2019-12-05','18:13:18','Cerró Sesión del sistema',2,'2019-12-06 00:13:19','2019-12-06 00:13:19'),(533,'2019-12-06','08:31:11','inicio de sesion',2,'2019-12-06 14:31:11','2019-12-06 14:31:11'),(534,'2019-12-06','08:32:12','inicio de sesion',3,'2019-12-06 14:32:12','2019-12-06 14:32:12'),(535,'2019-12-06','09:01:50','Cerró Sesión del sistema',2,'2019-12-06 15:01:50','2019-12-06 15:01:50'),(536,'2019-12-06','09:03:50','Cerró Sesión del sistema',3,'2019-12-06 15:03:50','2019-12-06 15:03:50'),(537,'2019-12-06','09:03:59','inicio de sesion',1,'2019-12-06 15:03:59','2019-12-06 15:03:59'),(538,'2019-12-06','09:04:28','Cerró Sesión del sistema',1,'2019-12-06 15:04:28','2019-12-06 15:04:28'),(539,'2019-12-26','08:59:00','inicio de sesion',2,'2019-12-26 14:59:00','2019-12-26 14:59:00'),(540,'2019-12-26','10:41:37','Cerró Sesión del sistema',2,'2019-12-26 16:41:37','2019-12-26 16:41:37'),(541,'2019-12-26','10:41:47','inicio de sesion',3,'2019-12-26 16:41:47','2019-12-26 16:41:47'),(542,'2019-12-26','11:17:37','Cerró Sesión del sistema',3,'2019-12-26 17:17:38','2019-12-26 17:17:38'),(543,'2020-01-12','15:17:37','inicio de sesion',2,'2020-01-12 21:17:37','2020-01-12 21:17:37'),(544,'2020-01-12','15:48:32','Cerró Sesión del sistema',2,'2020-01-12 21:48:32','2020-01-12 21:48:32'),(545,'2020-01-12','15:48:45','inicio de sesion',3,'2020-01-12 21:48:45','2020-01-12 21:48:45'),(546,'2020-01-12','15:57:58','Cerró Sesión del sistema',3,'2020-01-12 21:57:59','2020-01-12 21:57:59'),(547,'2020-01-12','15:58:04','inicio de sesion',2,'2020-01-12 21:58:04','2020-01-12 21:58:04'),(548,'2020-01-12','16:45:53','Cerró Sesión del sistema',2,'2020-01-12 22:45:53','2020-01-12 22:45:53'),(549,'2020-01-14','09:23:56','inicio de sesion',3,'2020-01-14 15:23:56','2020-01-14 15:23:56'),(550,'2020-01-14','11:26:25','Cerró Sesión del sistema',3,'2020-01-14 17:26:25','2020-01-14 17:26:25'),(551,'2020-01-15','08:30:47','inicio de sesion',3,'2020-01-15 14:30:47','2020-01-15 14:30:47'),(552,'2020-01-15','11:12:28','Cerró Sesión del sistema',3,'2020-01-15 17:12:29','2020-01-15 17:12:29'),(553,'2020-01-16','08:57:22','inicio de sesion',3,'2020-01-16 14:57:22','2020-01-16 14:57:22'),(554,'2020-01-16','11:34:48','Registró una cotización',3,'2020-01-16 17:34:48','2020-01-16 17:34:48'),(555,'2020-01-22','08:30:17','inicio de sesion',3,'2020-01-22 14:30:17','2020-01-22 14:30:17'),(556,'2020-01-27','08:24:14','inicio de sesion',1,'2020-01-27 14:24:14','2020-01-27 14:24:14'),(557,'2020-01-27','08:31:26','Cerró Sesión del sistema',1,'2020-01-27 14:31:26','2020-01-27 14:31:26'),(558,'2020-01-27','08:31:36','inicio de sesion',3,'2020-01-27 14:31:36','2020-01-27 14:31:36'),(559,'2020-01-27','12:07:34','Registró una cotización',3,'2020-01-27 18:07:34','2020-01-27 18:07:34'),(560,'2020-01-27','12:09:09','Registró una cotización',3,'2020-01-27 18:09:09','2020-01-27 18:09:09'),(561,'2020-01-27','12:58:37','Cerró Sesión del sistema',3,'2020-01-27 18:58:37','2020-01-27 18:58:37'),(562,'2020-01-27','13:51:33','inicio de sesion',3,'2020-01-27 19:51:33','2020-01-27 19:51:33'),(563,'2020-01-27','14:11:33','Cerró Sesión del sistema',3,'2020-01-27 20:11:33','2020-01-27 20:11:33'),(564,'2020-01-27','14:11:40','inicio de sesion',1,'2020-01-27 20:11:40','2020-01-27 20:11:40'),(565,'2020-01-27','14:12:02','Cerró Sesión del sistema',1,'2020-01-27 20:12:02','2020-01-27 20:12:02'),(566,'2020-01-27','14:12:14','inicio de sesion',3,'2020-01-27 20:12:14','2020-01-27 20:12:14'),(567,'2020-01-27','15:43:02','Dió de baja cargo',3,'2020-01-27 21:43:02','2020-01-27 21:43:02'),(568,'2020-01-27','15:58:24','Dió de baja categoría de plan anual',3,'2020-01-27 21:58:24','2020-01-27 21:58:24'),(569,'2020-01-27','16:06:19','Cerró Sesión del sistema',3,'2020-01-27 22:06:19','2020-01-27 22:06:19'),(570,'2020-01-28','08:34:09','inicio de sesion',3,'2020-01-28 14:34:09','2020-01-28 14:34:09'),(571,'2020-01-28','09:39:24','inicio de sesion',2,'2020-01-28 15:39:24','2020-01-28 15:39:24'),(572,'2020-01-28','10:01:49','Registró una cotización',3,'2020-01-28 16:01:49','2020-01-28 16:01:49'),(573,'2020-01-28','10:02:05','Registró una cotización',3,'2020-01-28 16:02:05','2020-01-28 16:02:05'),(574,'2020-01-28','12:31:18','Cerró Sesión del sistema',1,'2020-01-28 18:31:18','2020-01-28 18:31:18'),(575,'2020-01-28','12:31:38','inicio de sesion',3,'2020-01-28 18:31:38','2020-01-28 18:31:38'),(576,'2020-01-28','14:36:30','inicio de sesion',3,'2020-01-28 20:36:30','2020-01-28 20:36:30'),(577,'2020-01-28','15:47:01','Cerró Sesión del sistema',3,'2020-01-28 21:47:01','2020-01-28 21:47:01'),(578,'2020-01-30','08:32:35','inicio de sesion',3,'2020-01-30 14:32:35','2020-01-30 14:32:35'),(579,'2020-01-30','13:54:53','Cerró Sesión del sistema',3,'2020-01-30 19:54:53','2020-01-30 19:54:53'),(580,'2020-02-05','09:21:16','inicio de sesion',3,'2020-02-05 15:21:16','2020-02-05 15:21:16'),(581,'2020-02-05','10:10:41','Registró una cotización',3,'2020-02-05 16:10:41','2020-02-05 16:10:41'),(582,'2020-02-05','10:31:29','Registró una cotización',3,'2020-02-05 16:31:29','2020-02-05 16:31:29'),(583,'2020-02-05','11:21:29','Registro un Proveedor',3,'2020-02-05 17:21:29','2020-02-05 17:21:29'),(584,'2020-02-05','11:55:22','Modificó un Proveedor',3,'2020-02-05 17:55:22','2020-02-05 17:55:22'),(585,'2020-02-05','11:55:48','Modificó un Proveedor',3,'2020-02-05 17:55:48','2020-02-05 17:55:48'),(586,'2020-02-07','08:24:26','inicio de sesion',3,'2020-02-07 14:24:26','2020-02-07 14:24:26'),(587,'2020-02-07','09:53:10','Modificó un Proveedor',3,'2020-02-07 15:53:10','2020-02-07 15:53:10'),(588,'2020-02-07','09:55:00','Modificó un Proveedor',3,'2020-02-07 15:55:00','2020-02-07 15:55:00'),(589,'2020-02-07','10:20:19','Cerró Sesión del sistema',3,'2020-02-07 16:20:19','2020-02-07 16:20:19'),(590,'2020-02-07','10:20:25','inicio de sesion',1,'2020-02-07 16:20:25','2020-02-07 16:20:25'),(591,'2020-02-07','10:21:08','Cerró Sesión del sistema',1,'2020-02-07 16:21:08','2020-02-07 16:21:08'),(592,'2020-02-08','08:39:08','inicio de sesion',3,'2020-02-08 14:39:08','2020-02-08 14:39:08'),(593,'2020-02-08','10:08:06','Modificó un Proveedor',3,'2020-02-08 16:08:06','2020-02-08 16:08:06'),(594,'2020-02-08','12:03:33','Cerró Sesión del sistema',3,'2020-02-08 18:03:33','2020-02-08 18:03:33'),(595,'2020-02-10','08:09:26','inicio de sesion',3,'2020-02-10 14:09:26','2020-02-10 14:09:26'),(596,'2020-02-10','08:30:07','Dió de baja un giro de proveedores',3,'2020-02-10 14:30:07','2020-02-10 14:30:07'),(597,'2020-02-10','08:35:51','Dió de alta un giro de proveedores',3,'2020-02-10 14:35:51','2020-02-10 14:35:51'),(598,'2020-02-10','08:44:01','Dió de baja a un proveedores',3,'2020-02-10 14:44:01','2020-02-10 14:44:01'),(599,'2020-02-10','08:44:08','Dió de alta a un proveedor',3,'2020-02-10 14:44:08','2020-02-10 14:44:08'),(600,'2020-02-10','09:05:51','Dió de baja un material',3,'2020-02-10 15:05:51','2020-02-10 15:05:51'),(601,'2020-02-10','09:08:05','Dió de alta un material',3,'2020-02-10 15:08:05','2020-02-10 15:08:05'),(602,'2020-02-10','09:59:53','Registró un proyecto',3,'2020-02-10 15:59:53','2020-02-10 15:59:53'),(603,'2020-02-11','08:21:17','inicio de sesion',3,'2020-02-11 14:21:17','2020-02-11 14:21:17'),(604,'2020-02-11','10:48:55','Cerró Sesión del sistema',3,'2020-02-11 16:48:55','2020-02-11 16:48:55'),(605,'2020-02-14','08:16:49','inicio de sesion',3,'2020-02-14 14:16:49','2020-02-14 14:16:49'),(606,'2020-02-20','08:19:55','inicio de sesion',3,'2020-02-20 14:19:55','2020-02-20 14:19:55'),(607,'2020-02-20','14:34:43','Cerró Sesión del sistema',3,'2020-02-20 20:34:43','2020-02-20 20:34:43'),(608,'2020-02-21','11:35:51','inicio de sesion',1,'2020-02-21 17:35:51','2020-02-21 17:35:51'),(609,'2020-02-21','11:36:19','Cerró Sesión del sistema',1,'2020-02-21 17:36:19','2020-02-21 17:36:19'),(610,'2020-02-21','11:36:28','inicio de sesion',3,'2020-02-21 17:36:28','2020-02-21 17:36:28'),(611,'2020-02-21','13:43:29','Cerró Sesión del sistema',3,'2020-02-21 19:43:29','2020-02-21 19:43:29'),(612,'2020-02-21','13:43:47','inicio de sesion',2,'2020-02-21 19:43:47','2020-02-21 19:43:47'),(613,'2020-02-21','13:47:55','Cerró Sesión del sistema',2,'2020-02-21 19:47:55','2020-02-21 19:47:55'),(614,'2020-02-21','13:48:07','inicio de sesion',3,'2020-02-21 19:48:07','2020-02-21 19:48:07'),(615,'2020-02-21','14:11:37','Cerró Sesión del sistema',3,'2020-02-21 20:11:37','2020-02-21 20:11:37'),(616,'2020-02-21','14:11:55','inicio de sesion',1,'2020-02-21 20:11:55','2020-02-21 20:11:55'),(617,'2020-02-21','14:38:54','Cerró Sesión del sistema',1,'2020-02-21 20:38:54','2020-02-21 20:38:54'),(618,'2020-02-23','18:54:53','inicio de sesion',1,'2020-02-24 00:54:53','2020-02-24 00:54:53'),(619,'2020-02-23','19:24:04','Cerró Sesión del sistema',1,'2020-02-24 01:24:04','2020-02-24 01:24:04'),(620,'2020-02-23','19:24:11','inicio de sesion',3,'2020-02-24 01:24:11','2020-02-24 01:24:11'),(621,'2020-02-23','19:25:16','Registró un proyecto',3,'2020-02-24 01:25:16','2020-02-24 01:25:16'),(622,'2020-02-23','19:58:40','Cerró Sesión del sistema',3,'2020-02-24 01:58:40','2020-02-24 01:58:40'),(623,'2020-02-23','19:59:02','inicio de sesion',1,'2020-02-24 01:59:02','2020-02-24 01:59:02'),(624,'2020-02-23','20:54:10','Cerró Sesión del sistema',1,'2020-02-24 02:54:10','2020-02-24 02:54:10'),(625,'2020-02-23','20:54:21','inicio de sesion',3,'2020-02-24 02:54:21','2020-02-24 02:54:21'),(626,'2020-02-23','21:05:13','Cerró Sesión del sistema',3,'2020-02-24 03:05:13','2020-02-24 03:05:13'),(627,'2020-02-23','21:05:20','inicio de sesion',1,'2020-02-24 03:05:20','2020-02-24 03:05:20'),(628,'2020-02-23','21:38:48','Cerró Sesión del sistema',1,'2020-02-24 03:38:48','2020-02-24 03:38:48'),(629,'2020-02-23','21:39:03','inicio de sesion',3,'2020-02-24 03:39:03','2020-02-24 03:39:03'),(630,'2020-02-23','21:40:16','Cerró Sesión del sistema',3,'2020-02-24 03:40:16','2020-02-24 03:40:16'),(631,'2020-02-23','21:40:24','inicio de sesion',2,'2020-02-24 03:40:24','2020-02-24 03:40:24'),(632,'2020-02-24','07:47:42','inicio de sesion',2,'2020-02-24 13:47:42','2020-02-24 13:47:42'),(633,'2020-02-24','08:38:27','Cerró Sesión del sistema',2,'2020-02-24 14:38:27','2020-02-24 14:38:27'),(634,'2020-02-24','08:38:36','inicio de sesion',3,'2020-02-24 14:38:36','2020-02-24 14:38:36'),(635,'2020-02-24','08:39:34','Registró una cotización',3,'2020-02-24 14:39:34','2020-02-24 14:39:34'),(636,'2020-02-24','08:41:49','Cerró Sesión del sistema',3,'2020-02-24 14:41:49','2020-02-24 14:41:49'),(637,'2020-02-24','08:41:55','inicio de sesion',2,'2020-02-24 14:41:55','2020-02-24 14:41:55'),(638,'2020-02-24','08:58:00','inicio de sesion',2,'2020-02-24 14:58:00','2020-02-24 14:58:00'),(639,'2020-02-24','09:03:16','Cerró Sesión del sistema',2,'2020-02-24 15:03:16','2020-02-24 15:03:16'),(640,'2020-02-24','09:03:27','inicio de sesion',1,'2020-02-24 15:03:27','2020-02-24 15:03:27'),(641,'2020-02-24','09:12:43','Cerró Sesión del sistema',1,'2020-02-24 15:12:43','2020-02-24 15:12:43'),(642,'2020-02-24','09:13:01','inicio de sesion',2,'2020-02-24 15:13:01','2020-02-24 15:13:01'),(643,'2020-02-24','09:15:28','Cerró Sesión del sistema',2,'2020-02-24 15:15:28','2020-02-24 15:15:28'),(644,'2020-02-24','09:16:30','inicio de sesion',2,'2020-02-24 15:16:30','2020-02-24 15:16:30'),(645,'2020-02-24','09:17:23','Cerró Sesión del sistema',2,'2020-02-24 15:17:23','2020-02-24 15:17:23'),(646,'2020-02-24','09:19:59','inicio de sesion',3,'2020-02-24 15:19:59','2020-02-24 15:19:59'),(647,'2020-02-24','09:36:56','Cerró Sesión del sistema',2,'2020-02-24 15:36:56','2020-02-24 15:36:56'),(648,'2020-02-24','09:37:04','inicio de sesion',3,'2020-02-24 15:37:04','2020-02-24 15:37:04'),(649,'2020-02-24','09:56:24','Cerró Sesión del sistema',3,'2020-02-24 15:56:24','2020-02-24 15:56:24'),(650,'2020-02-25','08:55:08','inicio de sesion',3,'2020-02-25 14:55:08','2020-02-25 14:55:08'),(651,'2020-02-25','11:34:11','inicio de sesion',3,'2020-02-25 17:34:11','2020-02-25 17:34:11'),(652,'2020-02-25','11:36:18','inicio de sesion',1,'2020-02-25 17:36:18','2020-02-25 17:36:18'),(653,'2020-02-25','11:57:47','Usuario  modificado',1,'2020-02-25 17:57:47','2020-02-25 17:57:47'),(654,'2020-02-25','14:09:40','Cerró Sesión del sistema',1,'2020-02-25 20:09:40','2020-02-25 20:09:40'),(655,'2020-02-27','11:14:37','inicio de sesion',1,'2020-02-27 17:14:37','2020-02-27 17:14:37'),(656,'2020-02-27','11:36:49','inicio de sesion',1,'2020-02-27 17:36:49','2020-02-27 17:36:49'),(657,'2020-02-27','12:55:30','Modificó un registro',1,'2020-02-27 18:55:30','2020-02-27 18:55:30'),(658,'2020-03-01','19:34:56','inicio de sesion',1,'2020-03-02 01:34:56','2020-03-02 01:34:56'),(659,'2020-03-01','21:17:49','Cerró Sesión del sistema',1,'2020-03-02 03:17:50','2020-03-02 03:17:50'),(660,'2020-03-02','08:50:03','inicio de sesion',1,'2020-03-02 14:50:03','2020-03-02 14:50:03'),(661,'2020-03-02','08:55:30','Cerró Sesión del sistema',1,'2020-03-02 14:55:31','2020-03-02 14:55:31'),(662,'2020-03-02','08:55:37','inicio de sesion',3,'2020-03-02 14:55:37','2020-03-02 14:55:37'),(663,'2020-03-02','10:30:18','Cerró Sesión del sistema',3,'2020-03-02 16:30:18','2020-03-02 16:30:18'),(664,'2020-03-02','10:30:26','inicio de sesion',2,'2020-03-02 16:30:26','2020-03-02 16:30:26'),(665,'2020-03-02','10:33:01','Cerró Sesión del sistema',2,'2020-03-02 16:33:01','2020-03-02 16:33:01'),(666,'2020-03-02','10:33:07','inicio de sesion',3,'2020-03-02 16:33:07','2020-03-02 16:33:07'),(667,'2020-03-02','10:35:35','Cerró Sesión del sistema',3,'2020-03-02 16:35:35','2020-03-02 16:35:35'),(668,'2020-03-02','10:35:40','inicio de sesion',2,'2020-03-02 16:35:40','2020-03-02 16:35:40'),(669,'2020-03-02','10:38:20','Cerró Sesión del sistema',2,'2020-03-02 16:38:20','2020-03-02 16:38:20'),(670,'2020-03-02','10:38:28','inicio de sesion',3,'2020-03-02 16:38:28','2020-03-02 16:38:28'),(671,'2020-03-02','14:11:19','inicio de sesion',3,'2020-03-02 20:11:19','2020-03-02 20:11:19'),(672,'2020-03-02','14:14:14','Cerró Sesión del sistema',3,'2020-03-02 20:14:14','2020-03-02 20:14:14'),(673,'2020-03-02','14:17:35','inicio de sesion',1,'2020-03-02 20:17:35','2020-03-02 20:17:35'),(674,'2020-03-02','14:43:21','inicio de sesion',1,'2020-03-02 20:43:21','2020-03-02 20:43:21'),(675,'2020-03-02','15:15:50','Cerró Sesión del sistema',1,'2020-03-02 21:15:53','2020-03-02 21:15:53'),(676,'2020-03-03','08:54:30','inicio de sesion',2,'2020-03-03 14:54:30','2020-03-03 14:54:30'),(677,'2020-03-03','15:53:49','Cerró Sesión del sistema',2,'2020-03-03 21:53:49','2020-03-03 21:53:49'),(678,'2020-03-04','09:10:18','inicio de sesion',2,'2020-03-04 15:10:18','2020-03-04 15:10:18'),(679,'2020-03-04','11:35:17','inicio de sesion',2,'2020-03-04 17:35:17','2020-03-04 17:35:17'),(680,'2020-03-04','11:50:03','Cerró Sesión del sistema',2,'2020-03-04 17:50:03','2020-03-04 17:50:03'),(681,'2020-03-04','13:08:35','inicio de sesion',2,'2020-03-04 19:08:35','2020-03-04 19:08:35'),(682,'2020-03-04','13:27:27','Cerró Sesión del sistema',2,'2020-03-04 19:27:27','2020-03-04 19:27:27'),(683,'2020-03-06','08:53:13','inicio de sesion',2,'2020-03-06 14:53:13','2020-03-06 14:53:13'),(684,'2020-03-06','14:29:55','Cerró Sesión del sistema',2,'2020-03-06 20:29:55','2020-03-06 20:29:55'),(685,'2020-03-07','16:16:18','inicio de sesion',2,'2020-03-07 22:16:18','2020-03-07 22:16:18'),(686,'2020-03-07','17:53:56','Modificó un registro',2,'2020-03-07 23:53:56','2020-03-07 23:53:56'),(687,'2020-03-07','19:22:53','Cerró Sesión del sistema',2,'2020-03-08 01:22:53','2020-03-08 01:22:53'),(688,'2020-03-07','19:23:07','inicio de sesion',2,'2020-03-08 01:23:07','2020-03-08 01:23:07'),(689,'2020-03-07','23:50:01','Cerró Sesión del sistema',2,'2020-03-08 05:50:02','2020-03-08 05:50:02'),(690,'2020-03-09','08:37:50','inicio de sesion',1,'2020-03-09 14:37:50','2020-03-09 14:37:50'),(691,'2020-03-09','08:39:20','Cerró Sesión del sistema',1,'2020-03-09 14:39:20','2020-03-09 14:39:20'),(692,'2020-03-09','08:39:27','inicio de sesion',2,'2020-03-09 14:39:27','2020-03-09 14:39:27'),(693,'2020-03-09','08:56:40','inicio de sesion',3,'2020-03-09 14:56:40','2020-03-09 14:56:40'),(694,'2020-03-09','09:28:03','Cerró Sesión del sistema',2,'2020-03-09 15:28:03','2020-03-09 15:28:03'),(695,'2020-03-09','09:28:04','Cerró Sesión del sistema',3,'2020-03-09 15:28:04','2020-03-09 15:28:04'),(696,'2020-03-09','09:28:13','inicio de sesion',3,'2020-03-09 15:28:13','2020-03-09 15:28:13'),(697,'2020-03-09','09:28:38','inicio de sesion',2,'2020-03-09 15:28:38','2020-03-09 15:28:38'),(698,'2020-03-09','09:29:51','inicio de sesion',1,'2020-03-09 15:29:51','2020-03-09 15:29:51'),(699,'2020-03-09','09:56:52','Cerró Sesión del sistema',3,'2020-03-09 15:56:52','2020-03-09 15:56:52'),(700,'2020-03-12','09:49:20','inicio de sesion',2,'2020-03-12 15:49:20','2020-03-12 15:49:20'),(701,'2020-03-28','12:10:41','inicio de sesion',2,'2020-03-28 18:10:41','2020-03-28 18:10:41'),(702,'2020-03-12','13:43:19','Cerró Sesión del sistema',2,'2020-03-12 19:43:19','2020-03-12 19:43:19'),(703,'2020-03-13','08:37:04','inicio de sesion',1,'2020-03-13 14:37:04','2020-03-13 14:37:04'),(704,'2020-03-13','08:48:18','Registró un usuario',1,'2020-03-13 14:48:18','2020-03-13 14:48:18'),(705,'2020-03-13','08:48:26','Cerró Sesión del sistema',1,'2020-03-13 14:48:26','2020-03-13 14:48:26'),(706,'2020-03-13','08:48:32','inicio de sesion',5,'2020-03-13 14:48:32','2020-03-13 14:48:32'),(707,'2020-03-13','09:18:37','Cerró Sesión del sistema',5,'2020-03-13 15:18:37','2020-03-13 15:18:37'),(708,'2020-03-13','09:18:42','inicio de sesion',1,'2020-03-13 15:18:42','2020-03-13 15:18:42'),(709,'2020-03-13','09:26:48','Cerró Sesión del sistema',1,'2020-03-13 15:26:48','2020-03-13 15:26:48'),(710,'2020-03-13','09:26:57','inicio de sesion',1,'2020-03-13 15:26:57','2020-03-13 15:26:57'),(711,'2020-03-13','13:37:07','Cerró Sesión del sistema',1,'2020-03-13 19:37:07','2020-03-13 19:37:07'),(712,'2020-03-13','15:36:16','inicio de sesion',1,'2020-03-13 21:36:16','2020-03-13 21:36:16'),(713,'2020-03-13','17:28:23','Cerró Sesión del sistema',1,'2020-03-13 23:28:23','2020-03-13 23:28:23'),(714,'2020-03-17','08:46:57','inicio de sesion',1,'2020-03-17 14:46:57','2020-03-17 14:46:57'),(715,'2020-03-17','10:09:11','Cerró Sesión del sistema',1,'2020-03-17 16:09:11','2020-03-17 16:09:11'),(716,'2020-03-17','10:09:27','inicio de sesion',1,'2020-03-17 16:09:27','2020-03-17 16:09:27');
/*!40000 ALTER TABLE `bitacoras` ENABLE KEYS */;
UNLOCK TABLES;

--
-- Table structure for table `calendarizacions`
--

DROP TABLE IF EXISTS `calendarizacions`;
/*!40101 SET @saved_cs_client     = @@character_set_client */;
/*!40101 SET character_set_client = utf8 */;
CREATE TABLE `calendarizacions` (
  `id` bigint(20) unsigned NOT NULL AUTO_INCREMENT,
  `evento` varchar(191) COLLATE utf8mb4_unicode_ci NOT NULL,
  `descripcion` varchar(191) COLLATE utf8mb4_unicode_ci NOT NULL,
  `created_at` timestamp NULL DEFAULT NULL,
  `updated_at` timestamp NULL DEFAULT NULL,
  `proyecto_id` bigint(20) unsigned NOT NULL,
  `inicio` datetime NOT NULL,
  `fin` datetime NOT NULL,
  `estado` int(11) NOT NULL DEFAULT '1',
  PRIMARY KEY (`id`),
  KEY `calendarizacions_proyecto_id_foreign` (`proyecto_id`),
  CONSTRAINT `calendarizacions_proyecto_id_foreign` FOREIGN KEY (`proyecto_id`) REFERENCES `proyectos` (`id`)
) ENGINE=InnoDB AUTO_INCREMENT=4 DEFAULT CHARSET=utf8mb4 COLLATE=utf8mb4_unicode_ci;
/*!40101 SET character_set_client = @saved_cs_client */;

--
-- Dumping data for table `calendarizacions`
--

LOCK TABLES `calendarizacions` WRITE;
/*!40000 ALTER TABLE `calendarizacions` DISABLE KEYS */;
INSERT INTO `calendarizacions` VALUES (1,'probando probadno','prueba','2020-02-11 15:09:43','2020-02-11 15:09:43',14,'2020-02-12 08:00:00','2020-02-13 16:00:00',1),(2,'Segundo evento','pueba de segndo','2020-02-11 15:23:27','2020-02-11 15:23:27',14,'2020-02-14 08:00:00','2020-02-14 16:00:00',1),(3,'Recibir las cotizaciones','fdsdfsdfsdf','2020-02-11 15:53:42','2020-02-11 15:53:42',14,'2020-02-17 08:00:00','2020-02-19 16:00:00',1);
/*!40000 ALTER TABLE `calendarizacions` ENABLE KEYS */;
UNLOCK TABLES;

--
-- Table structure for table `cargo_proyectos`
--

DROP TABLE IF EXISTS `cargo_proyectos`;
/*!40101 SET @saved_cs_client     = @@character_set_client */;
/*!40101 SET character_set_client = utf8 */;
CREATE TABLE `cargo_proyectos` (
  `id` varchar(191) COLLATE utf8mb4_unicode_ci NOT NULL,
  `nombre` varchar(191) COLLATE utf8mb4_unicode_ci NOT NULL,
  `salario_dia` double(8,2) NOT NULL,
  `estado` int(10) unsigned NOT NULL DEFAULT '1',
  `created_at` timestamp NULL DEFAULT NULL,
  `updated_at` timestamp NULL DEFAULT NULL,
  PRIMARY KEY (`id`)
) ENGINE=InnoDB DEFAULT CHARSET=utf8mb4 COLLATE=utf8mb4_unicode_ci;
/*!40101 SET character_set_client = @saved_cs_client */;

--
-- Dumping data for table `cargo_proyectos`
--

LOCK TABLES `cargo_proyectos` WRITE;
/*!40000 ALTER TABLE `cargo_proyectos` DISABLE KEYS */;
INSERT INTO `cargo_proyectos` VALUES ('20190119013300000033','Maestro de obra',8.00,1,'2019-10-19 17:01:33','2019-10-19 17:01:33'),('20190319030100000001','Jornalero',5.00,1,'2019-10-19 17:03:01','2019-10-19 17:20:59'),('20192419245500000055','Supervisor',7.00,1,'2019-10-19 17:24:55','2019-10-24 14:31:59');
/*!40000 ALTER TABLE `cargo_proyectos` ENABLE KEYS */;
UNLOCK TABLES;

--
-- Table structure for table `cargos`
--

DROP TABLE IF EXISTS `cargos`;
/*!40101 SET @saved_cs_client     = @@character_set_client */;
/*!40101 SET character_set_client = utf8 */;
CREATE TABLE `cargos` (
  `id` bigint(20) unsigned NOT NULL AUTO_INCREMENT,
  `cargo` varchar(191) COLLATE utf8mb4_unicode_ci NOT NULL,
  `created_at` timestamp NULL DEFAULT NULL,
  `updated_at` timestamp NULL DEFAULT NULL,
  `estado` bigint(20) unsigned NOT NULL DEFAULT '1',
  `fecha_baja` date DEFAULT NULL,
  `motivo` varchar(191) COLLATE utf8mb4_unicode_ci DEFAULT NULL,
  `catcargo_id` varchar(191) COLLATE utf8mb4_unicode_ci DEFAULT NULL,
  PRIMARY KEY (`id`),
  KEY `cargos_catcargo_id_foreign` (`catcargo_id`),
  CONSTRAINT `cargos_catcargo_id_foreign` FOREIGN KEY (`catcargo_id`) REFERENCES `cat_cargos` (`id`)
) ENGINE=InnoDB AUTO_INCREMENT=9 DEFAULT CHARSET=utf8mb4 COLLATE=utf8mb4_unicode_ci;
/*!40101 SET character_set_client = @saved_cs_client */;

--
-- Dumping data for table `cargos`
--

LOCK TABLES `cargos` WRITE;
/*!40000 ALTER TABLE `cargos` DISABLE KEYS */;
INSERT INTO `cargos` VALUES (1,'Jefe de Registro Familiar','2019-06-26 14:41:29','2019-10-19 15:35:02',1,NULL,NULL,'20195119512200000022'),(2,'Barrendero','2019-07-21 04:56:25','2019-10-19 15:35:18',1,NULL,NULL,'20195119513600000036'),(3,'Tren de aseo','2019-07-21 04:57:17','2019-10-19 15:36:12',1,NULL,NULL,'20193519353700000037'),(4,'Coordinador','2019-07-21 04:57:29','2020-01-27 21:43:02',2,NULL,NULL,'20193619363300000033'),(7,'Jefe de UACI','2019-10-19 15:15:11','2019-10-19 15:15:11',1,NULL,NULL,'20195119512200000022'),(8,'Jefe Unidad de Cuentas Corrientes','2020-03-13 14:41:05','2020-03-13 14:41:05',1,NULL,NULL,'20195119512200000022');
/*!40000 ALTER TABLE `cargos` ENABLE KEYS */;
UNLOCK TABLES;

--
-- Table structure for table `cat_cargos`
--

DROP TABLE IF EXISTS `cat_cargos`;
/*!40101 SET @saved_cs_client     = @@character_set_client */;
/*!40101 SET character_set_client = utf8 */;
CREATE TABLE `cat_cargos` (
  `id` varchar(191) COLLATE utf8mb4_unicode_ci NOT NULL,
  `nombre` varchar(191) COLLATE utf8mb4_unicode_ci NOT NULL,
  `estado` int(11) NOT NULL DEFAULT '1',
  `created_at` timestamp NULL DEFAULT NULL,
  `updated_at` timestamp NULL DEFAULT NULL,
  PRIMARY KEY (`id`)
) ENGINE=InnoDB DEFAULT CHARSET=utf8mb4 COLLATE=utf8mb4_unicode_ci;
/*!40101 SET character_set_client = @saved_cs_client */;

--
-- Dumping data for table `cat_cargos`
--

LOCK TABLES `cat_cargos` WRITE;
/*!40000 ALTER TABLE `cat_cargos` DISABLE KEYS */;
INSERT INTO `cat_cargos` VALUES ('20193519353700000037','Compostaje',1,'2019-10-19 15:35:48','2019-10-19 15:35:48'),('20193619363300000033','Casa de encuentros',1,'2019-10-19 15:36:44','2019-10-19 15:36:44'),('20195119512200000022','Administrativos',1,'2019-10-19 14:51:36','2019-10-19 14:51:36'),('20195119513600000036','Cementerios',1,'2019-10-19 14:51:57','2019-10-19 14:51:57');
/*!40000 ALTER TABLE `cat_cargos` ENABLE KEYS */;
UNLOCK TABLES;

--
-- Table structure for table `catalogos`
--

DROP TABLE IF EXISTS `catalogos`;
/*!40101 SET @saved_cs_client     = @@character_set_client */;
/*!40101 SET character_set_client = utf8 */;
CREATE TABLE `catalogos` (
  `id` bigint(20) unsigned NOT NULL AUTO_INCREMENT,
  `nombre` varchar(191) COLLATE utf8mb4_unicode_ci NOT NULL,
  `unidad_medida` varchar(191) COLLATE utf8mb4_unicode_ci NOT NULL,
  `created_at` timestamp NULL DEFAULT NULL,
  `updated_at` timestamp NULL DEFAULT NULL,
  `categoria_id` bigint(20) NOT NULL,
  `estado` int(10) unsigned NOT NULL DEFAULT '1',
  `fechabaja` date DEFAULT NULL,
  `motivo` varchar(191) COLLATE utf8mb4_unicode_ci DEFAULT NULL,
  PRIMARY KEY (`id`)
) ENGINE=InnoDB AUTO_INCREMENT=3 DEFAULT CHARSET=utf8mb4 COLLATE=utf8mb4_unicode_ci;
/*!40101 SET character_set_client = @saved_cs_client */;

--
-- Dumping data for table `catalogos`
--

LOCK TABLES `catalogos` WRITE;
/*!40000 ALTER TABLE `catalogos` DISABLE KEYS */;
INSERT INTO `catalogos` VALUES (1,'CLAVOS','LIBRA','2019-06-19 20:36:27','2019-06-19 20:36:27',1,1,NULL,NULL),(2,'CEMENTO','LIBRA','2019-06-19 20:38:46','2019-06-19 20:38:46',2,1,NULL,NULL);
/*!40000 ALTER TABLE `catalogos` ENABLE KEYS */;
UNLOCK TABLES;

--
-- Table structure for table `categoria_descuentos`
--

DROP TABLE IF EXISTS `categoria_descuentos`;
/*!40101 SET @saved_cs_client     = @@character_set_client */;
/*!40101 SET character_set_client = utf8 */;
CREATE TABLE `categoria_descuentos` (
  `id` varchar(191) COLLATE utf8mb4_unicode_ci NOT NULL,
  `nombre` varchar(191) COLLATE utf8mb4_unicode_ci NOT NULL,
  `estado` int(11) NOT NULL DEFAULT '1',
  `created_at` timestamp NULL DEFAULT NULL,
  `updated_at` timestamp NULL DEFAULT NULL,
  PRIMARY KEY (`id`)
) ENGINE=InnoDB DEFAULT CHARSET=utf8mb4 COLLATE=utf8mb4_unicode_ci;
/*!40101 SET character_set_client = @saved_cs_client */;

--
-- Dumping data for table `categoria_descuentos`
--

LOCK TABLES `categoria_descuentos` WRITE;
/*!40000 ALTER TABLE `categoria_descuentos` DISABLE KEYS */;
INSERT INTO `categoria_descuentos` VALUES ('98547986986','Procuraduría',1,'2019-10-08 15:13:08','2019-10-08 15:13:11');
/*!40000 ALTER TABLE `categoria_descuentos` ENABLE KEYS */;
UNLOCK TABLES;

--
-- Table structure for table `categoria_empleados`
--

DROP TABLE IF EXISTS `categoria_empleados`;
/*!40101 SET @saved_cs_client     = @@character_set_client */;
/*!40101 SET character_set_client = utf8 */;
CREATE TABLE `categoria_empleados` (
  `id` bigint(20) unsigned NOT NULL AUTO_INCREMENT,
  `empleado_id` bigint(20) unsigned NOT NULL,
  `categoriatrabajo_id` bigint(20) unsigned NOT NULL,
  `cargo_id` bigint(20) unsigned NOT NULL,
  `created_at` timestamp NULL DEFAULT NULL,
  `updated_at` timestamp NULL DEFAULT NULL,
  `estado` bigint(20) unsigned NOT NULL DEFAULT '1',
  `fecha_baja` date DEFAULT NULL,
  `motivo` varchar(191) COLLATE utf8mb4_unicode_ci DEFAULT NULL,
  PRIMARY KEY (`id`),
  KEY `categoria_empleados_empleado_id_foreign` (`empleado_id`),
  KEY `categoria_empleados_categoriatrabajo_id_foreign` (`categoriatrabajo_id`),
  KEY `categoria_empleados_cargo_id_foreign` (`cargo_id`),
  CONSTRAINT `categoria_empleados_cargo_id_foreign` FOREIGN KEY (`cargo_id`) REFERENCES `cargos` (`id`),
  CONSTRAINT `categoria_empleados_categoriatrabajo_id_foreign` FOREIGN KEY (`categoriatrabajo_id`) REFERENCES `categoria_trabajos` (`id`),
  CONSTRAINT `categoria_empleados_empleado_id_foreign` FOREIGN KEY (`empleado_id`) REFERENCES `empleados` (`id`)
) ENGINE=InnoDB DEFAULT CHARSET=utf8mb4 COLLATE=utf8mb4_unicode_ci;
/*!40101 SET character_set_client = @saved_cs_client */;

--
-- Dumping data for table `categoria_empleados`
--

LOCK TABLES `categoria_empleados` WRITE;
/*!40000 ALTER TABLE `categoria_empleados` DISABLE KEYS */;
/*!40000 ALTER TABLE `categoria_empleados` ENABLE KEYS */;
UNLOCK TABLES;

--
-- Table structure for table `categoria_trabajos`
--

DROP TABLE IF EXISTS `categoria_trabajos`;
/*!40101 SET @saved_cs_client     = @@character_set_client */;
/*!40101 SET character_set_client = utf8 */;
CREATE TABLE `categoria_trabajos` (
  `id` bigint(20) unsigned NOT NULL AUTO_INCREMENT,
  `nombre_categoria` varchar(191) COLLATE utf8mb4_unicode_ci NOT NULL,
  `created_at` timestamp NULL DEFAULT NULL,
  `updated_at` timestamp NULL DEFAULT NULL,
  `estado` bigint(20) unsigned NOT NULL DEFAULT '1',
  `fecha_baja` date DEFAULT NULL,
  `motivo` varchar(191) COLLATE utf8mb4_unicode_ci DEFAULT NULL,
  PRIMARY KEY (`id`)
) ENGINE=InnoDB DEFAULT CHARSET=utf8mb4 COLLATE=utf8mb4_unicode_ci;
/*!40101 SET character_set_client = @saved_cs_client */;

--
-- Dumping data for table `categoria_trabajos`
--

LOCK TABLES `categoria_trabajos` WRITE;
/*!40000 ALTER TABLE `categoria_trabajos` DISABLE KEYS */;
/*!40000 ALTER TABLE `categoria_trabajos` ENABLE KEYS */;
UNLOCK TABLES;

--
-- Table structure for table `categorias`
--

DROP TABLE IF EXISTS `categorias`;
/*!40101 SET @saved_cs_client     = @@character_set_client */;
/*!40101 SET character_set_client = utf8 */;
CREATE TABLE `categorias` (
  `id` bigint(20) unsigned NOT NULL AUTO_INCREMENT,
  `item` varchar(191) COLLATE utf8mb4_unicode_ci NOT NULL,
  `nombre_categoria` varchar(191) COLLATE utf8mb4_unicode_ci NOT NULL,
  `created_at` timestamp NULL DEFAULT NULL,
  `updated_at` timestamp NULL DEFAULT NULL,
  `estado` int(10) unsigned NOT NULL DEFAULT '1',
  `fechabaja` date DEFAULT NULL,
  `motivo` varchar(191) COLLATE utf8mb4_unicode_ci DEFAULT NULL,
  PRIMARY KEY (`id`)
) ENGINE=InnoDB AUTO_INCREMENT=11 DEFAULT CHARSET=utf8mb4 COLLATE=utf8mb4_unicode_ci;
/*!40101 SET character_set_client = @saved_cs_client */;

--
-- Dumping data for table `categorias`
--

LOCK TABLES `categorias` WRITE;
/*!40000 ALTER TABLE `categorias` DISABLE KEYS */;
INSERT INTO `categorias` VALUES (3,'3','Papeleria','2019-07-06 14:50:50','2019-07-06 14:50:50',1,NULL,NULL),(4,'4','Consumibles','2019-07-06 14:51:57','2019-07-06 14:51:57',1,NULL,NULL),(5,'6','Conciertos','2019-10-15 00:03:28','2019-10-15 00:03:28',1,NULL,NULL),(6,'1','Elecciones y Coronaciones','2019-10-15 00:13:55','2019-10-15 00:13:55',1,NULL,NULL),(7,'1','Bailes','2019-10-15 00:14:43','2019-10-15 00:14:43',1,NULL,NULL),(8,'1','Fiestas Infantiles','2019-10-15 00:15:37','2019-10-15 00:15:37',1,NULL,NULL),(9,'1','Materiales de construcción','2020-01-27 15:14:43','2020-01-27 15:14:43',1,NULL,NULL),(10,'1','Materiales de oficina','2020-01-27 15:16:17','2020-01-27 15:16:17',1,NULL,NULL);
/*!40000 ALTER TABLE `categorias` ENABLE KEYS */;
UNLOCK TABLES;

--
-- Table structure for table `cementerios`
--

DROP TABLE IF EXISTS `cementerios`;
/*!40101 SET @saved_cs_client     = @@character_set_client */;
/*!40101 SET character_set_client = utf8 */;
CREATE TABLE `cementerios` (
  `id` int(10) unsigned NOT NULL AUTO_INCREMENT,
  `nombre` varchar(100) COLLATE utf8mb4_unicode_ci NOT NULL,
  `maximo` int(10) unsigned NOT NULL,
  `created_at` timestamp NULL DEFAULT NULL,
  `updated_at` timestamp NULL DEFAULT NULL,
  PRIMARY KEY (`id`)
) ENGINE=InnoDB AUTO_INCREMENT=2 DEFAULT CHARSET=utf8mb4 COLLATE=utf8mb4_unicode_ci;
/*!40101 SET character_set_client = @saved_cs_client */;

--
-- Dumping data for table `cementerios`
--

LOCK TABLES `cementerios` WRITE;
/*!40000 ALTER TABLE `cementerios` DISABLE KEYS */;
INSERT INTO `cementerios` VALUES (1,'El cementerio',1000,'2019-10-18 16:57:39','2019-10-18 16:57:39');
/*!40000 ALTER TABLE `cementerios` ENABLE KEYS */;
UNLOCK TABLES;

--
-- Table structure for table `cementerios_posiciones`
--

DROP TABLE IF EXISTS `cementerios_posiciones`;
/*!40101 SET @saved_cs_client     = @@character_set_client */;
/*!40101 SET character_set_client = utf8 */;
CREATE TABLE `cementerios_posiciones` (
  `id` int(10) unsigned NOT NULL AUTO_INCREMENT,
  `cementerio_id` int(10) unsigned NOT NULL,
  `latitud` decimal(20,13) NOT NULL,
  `longitud` decimal(20,13) NOT NULL,
  `created_at` timestamp NULL DEFAULT NULL,
  `updated_at` timestamp NULL DEFAULT NULL,
  PRIMARY KEY (`id`),
  KEY `cementerios_posiciones_cementerio_id_foreign` (`cementerio_id`),
  CONSTRAINT `cementerios_posiciones_cementerio_id_foreign` FOREIGN KEY (`cementerio_id`) REFERENCES `cementerios` (`id`)
) ENGINE=InnoDB AUTO_INCREMENT=18 DEFAULT CHARSET=utf8mb4 COLLATE=utf8mb4_unicode_ci;
/*!40101 SET character_set_client = @saved_cs_client */;

--
-- Dumping data for table `cementerios_posiciones`
--

LOCK TABLES `cementerios_posiciones` WRITE;
/*!40000 ALTER TABLE `cementerios_posiciones` DISABLE KEYS */;
INSERT INTO `cementerios_posiciones` VALUES (1,1,13.6448181835207,-88.8644607569389,'2019-10-18 16:57:39','2019-10-18 16:57:39'),(2,1,13.6446096627557,-88.8647987152748,'2019-10-18 16:57:39','2019-10-18 16:57:39'),(3,1,13.6445262543981,-88.8649596478157,'2019-10-18 16:57:39','2019-10-18 16:57:39'),(4,1,13.6444011418065,-88.8651044871025,'2019-10-18 16:57:39','2019-10-18 16:57:39'),(5,1,13.6442968812628,-88.8652654196434,'2019-10-18 16:57:39','2019-10-18 16:57:39'),(6,1,13.6444845502082,-88.8653888012581,'2019-10-18 16:57:39','2019-10-18 16:57:39'),(7,1,13.6447087101420,-88.8654907252006,'2019-10-18 16:57:39','2019-10-18 16:57:39'),(8,1,13.6448494616195,-88.8655604626350,'2019-10-18 16:57:39','2019-10-18 16:57:39'),(9,1,13.6451048992717,-88.8657482172661,'2019-10-18 16:57:39','2019-10-18 16:57:39'),(10,1,13.6452508635203,-88.8658608700447,'2019-10-18 16:57:39','2019-10-18 16:57:39'),(11,1,13.6453655496522,-88.8659574295692,'2019-10-18 16:57:39','2019-10-18 16:57:39'),(12,1,13.6453759756615,-88.8657696749382,'2019-10-18 16:57:39','2019-10-18 16:57:39'),(13,1,13.6453290586163,-88.8654424454384,'2019-10-18 16:57:39','2019-10-18 16:57:39'),(14,1,13.6452143724666,-88.8651688601188,'2019-10-18 16:57:39','2019-10-18 16:57:39'),(15,1,13.6451153252925,-88.8649274613075,'2019-10-18 16:57:39','2019-10-18 16:57:39'),(16,1,13.6449954260260,-88.8647182490043,'2019-10-18 16:57:39','2019-10-18 16:57:39'),(17,1,13.6449015917751,-88.8645519520454,'2019-10-18 16:57:39','2019-10-18 16:57:39');
/*!40000 ALTER TABLE `cementerios_posiciones` ENABLE KEYS */;
UNLOCK TABLES;

--
-- Table structure for table `configuracions`
--

DROP TABLE IF EXISTS `configuracions`;
/*!40101 SET @saved_cs_client     = @@character_set_client */;
/*!40101 SET character_set_client = utf8 */;
CREATE TABLE `configuracions` (
  `id` bigint(20) unsigned NOT NULL AUTO_INCREMENT,
  `direccion_alcaldia` varchar(191) COLLATE utf8mb4_unicode_ci DEFAULT NULL,
  `telefono_alcaldia` varchar(191) COLLATE utf8mb4_unicode_ci DEFAULT NULL,
  `fax_alcaldia` varchar(191) COLLATE utf8mb4_unicode_ci DEFAULT NULL,
  `email_alcaldia` varchar(191) COLLATE utf8mb4_unicode_ci DEFAULT NULL,
  `nit_alcaldia` varchar(191) COLLATE utf8mb4_unicode_ci DEFAULT NULL,
  `escudo_alcaldia` text COLLATE utf8mb4_unicode_ci,
  `created_at` timestamp NULL DEFAULT NULL,
  `updated_at` timestamp NULL DEFAULT NULL,
  `nombre_alcalde` varchar(191) COLLATE utf8mb4_unicode_ci DEFAULT NULL,
  `nacimiento_alcalde` date DEFAULT NULL,
  `oficio_alcalde` varchar(191) COLLATE utf8mb4_unicode_ci DEFAULT NULL,
  `domicilio_alcalde` varchar(191) COLLATE utf8mb4_unicode_ci DEFAULT NULL,
  `dui_alcalde` varchar(191) COLLATE utf8mb4_unicode_ci DEFAULT NULL,
  `nit_alcalde` varchar(191) COLLATE utf8mb4_unicode_ci DEFAULT NULL,
  `inicio_periodo` date DEFAULT NULL,
  `fin_periodo` date DEFAULT NULL,
  `libre_gestion` double(8,2) DEFAULT NULL,
  `licitacion` double(8,2) DEFAULT NULL,
  PRIMARY KEY (`id`)
) ENGINE=InnoDB AUTO_INCREMENT=5 DEFAULT CHARSET=utf8mb4 COLLATE=utf8mb4_unicode_ci;
/*!40101 SET character_set_client = @saved_cs_client */;

--
-- Dumping data for table `configuracions`
--

LOCK TABLES `configuracions` WRITE;
/*!40000 ALTER TABLE `configuracions` DISABLE KEYS */;
INSERT INTO `configuracions` VALUES (4,'Calle Norberto Marroquín, Barrio Mercedes','2345-6789','2345-6789','alcaldia.verapaz@gmail.com','1013-011290-001-2','logo_alcaldia_2020-02-23-09-30-42-pm.png','2019-10-15 20:15:09','2020-03-02 02:34:07','Francisco Dominguez','1965-10-13','Agricultor','Verapaz','98765467-8','1013-131065-001-8',NULL,NULL,6000.00,50000.00);
/*!40000 ALTER TABLE `configuracions` ENABLE KEYS */;
UNLOCK TABLES;

--
-- Table structure for table `construccions`
--

DROP TABLE IF EXISTS `construccions`;
/*!40101 SET @saved_cs_client     = @@character_set_client */;
/*!40101 SET character_set_client = utf8 */;
CREATE TABLE `construccions` (
  `id` bigint(20) unsigned NOT NULL AUTO_INCREMENT,
  `contribuyente_id` bigint(20) unsigned NOT NULL,
  `direccion_construccion` varchar(191) COLLATE utf8mb4_unicode_ci NOT NULL,
  `presupuesto` double(8,2) NOT NULL,
  `impuesto_id` bigint(20) unsigned NOT NULL,
  `created_at` timestamp NULL DEFAULT NULL,
  `updated_at` timestamp NULL DEFAULT NULL,
  PRIMARY KEY (`id`),
  KEY `construccions_contribuyente_id_foreign` (`contribuyente_id`),
  KEY `construccions_impuesto_id_foreign` (`impuesto_id`),
  CONSTRAINT `construccions_contribuyente_id_foreign` FOREIGN KEY (`contribuyente_id`) REFERENCES `contribuyentes` (`id`),
  CONSTRAINT `construccions_impuesto_id_foreign` FOREIGN KEY (`impuesto_id`) REFERENCES `impuestos` (`id`)
) ENGINE=InnoDB DEFAULT CHARSET=utf8mb4 COLLATE=utf8mb4_unicode_ci;
/*!40101 SET character_set_client = @saved_cs_client */;

--
-- Dumping data for table `construccions`
--

LOCK TABLES `construccions` WRITE;
/*!40000 ALTER TABLE `construccions` DISABLE KEYS */;
/*!40000 ALTER TABLE `construccions` ENABLE KEYS */;
UNLOCK TABLES;

--
-- Table structure for table `contrato_proyectos`
--

DROP TABLE IF EXISTS `contrato_proyectos`;
/*!40101 SET @saved_cs_client     = @@character_set_client */;
/*!40101 SET character_set_client = utf8 */;
CREATE TABLE `contrato_proyectos` (
  `id` varchar(191) COLLATE utf8mb4_unicode_ci NOT NULL,
  `nombre` varchar(191) COLLATE utf8mb4_unicode_ci NOT NULL,
  `descripcion` varchar(191) COLLATE utf8mb4_unicode_ci NOT NULL,
  `archivo` varchar(191) COLLATE utf8mb4_unicode_ci NOT NULL,
  `proyecto_id` bigint(20) unsigned NOT NULL,
  `created_at` timestamp NULL DEFAULT NULL,
  `updated_at` timestamp NULL DEFAULT NULL,
  KEY `contrato_proyectos_proyecto_id_foreign` (`proyecto_id`),
  CONSTRAINT `contrato_proyectos_proyecto_id_foreign` FOREIGN KEY (`proyecto_id`) REFERENCES `proyectos` (`id`)
) ENGINE=InnoDB DEFAULT CHARSET=utf8mb4 COLLATE=utf8mb4_unicode_ci;
/*!40101 SET character_set_client = @saved_cs_client */;

--
-- Dumping data for table `contrato_proyectos`
--

LOCK TABLES `contrato_proyectos` WRITE;
/*!40000 ALTER TABLE `contrato_proyectos` DISABLE KEYS */;
INSERT INTO `contrato_proyectos` VALUES ('20190921093700000037','prueba','tt','SisVerapaz.pdf',2,'2019-09-21 18:09:37','2019-09-21 18:09:37'),('20192916292800000028','Contrato','Contratar','photo2.png',12,'2019-10-16 19:29:28','2019-10-16 19:29:28'),('20200620061500000015','fdgdfgdf','gdfgdfg','carta.docx',14,'2020-02-20 17:06:15','2020-02-20 17:06:15'),('20203520353300000033','prueba','gfgfdg','Contrato_prueba_20200220113533.docx',14,'2020-02-20 17:35:33','2020-02-20 17:35:33');
/*!40000 ALTER TABLE `contrato_proyectos` ENABLE KEYS */;
UNLOCK TABLES;

--
-- Table structure for table `contrato_requisiciones`
--

DROP TABLE IF EXISTS `contrato_requisiciones`;
/*!40101 SET @saved_cs_client     = @@character_set_client */;
/*!40101 SET character_set_client = utf8 */;
CREATE TABLE `contrato_requisiciones` (
  `id` varchar(191) COLLATE utf8mb4_unicode_ci NOT NULL,
  `nombre` varchar(191) COLLATE utf8mb4_unicode_ci NOT NULL,
  `descripcion` varchar(191) COLLATE utf8mb4_unicode_ci NOT NULL,
  `archivo` varchar(191) COLLATE utf8mb4_unicode_ci NOT NULL,
  `requisicion_id` varchar(191) COLLATE utf8mb4_unicode_ci NOT NULL,
  `created_at` timestamp NULL DEFAULT NULL,
  `updated_at` timestamp NULL DEFAULT NULL,
  PRIMARY KEY (`id`)
) ENGINE=InnoDB DEFAULT CHARSET=utf8mb4 COLLATE=utf8mb4_unicode_ci;
/*!40101 SET character_set_client = @saved_cs_client */;

--
-- Dumping data for table `contrato_requisiciones`
--

LOCK TABLES `contrato_requisiciones` WRITE;
/*!40000 ALTER TABLE `contrato_requisiciones` DISABLE KEYS */;
INSERT INTO `contrato_requisiciones` VALUES ('20192218220100000001','tgtvgtg','frfrcr','SisVerapaz.pdf','20191430141200000012','2019-09-18 20:22:01','2019-09-18 20:22:01'),('20194522453000000030','Contrato de bienes','aqui se reciben los bienes','42196096.pdf','20193620362500000025','2019-08-22 14:45:30','2019-08-22 14:45:30'),('20195322534400000044','Contratación disco fiestas patronales','Día de víspera de fiestas patronales en honor a San José','26340MARIOCARDOZA_21062019103628.pdf','20191722171400000014','2019-08-22 15:53:44','2019-08-22 15:53:44'),('20195816580600000006','gdfgdf','gfdfgd','Guía Mindfulness para la vida cotidiana • The Mindful Room (1).pdf','20195204520300000003','2019-09-16 19:58:06','2019-09-16 19:58:06');
/*!40000 ALTER TABLE `contrato_requisiciones` ENABLE KEYS */;
UNLOCK TABLES;

--
-- Table structure for table `contrato_suministros`
--

DROP TABLE IF EXISTS `contrato_suministros`;
/*!40101 SET @saved_cs_client     = @@character_set_client */;
/*!40101 SET character_set_client = utf8 */;
CREATE TABLE `contrato_suministros` (
  `id` bigint(20) unsigned NOT NULL AUTO_INCREMENT,
  `proveedor_id` bigint(20) unsigned NOT NULL,
  `requisicion_id` bigint(20) unsigned NOT NULL,
  `fecha_contratacion` date NOT NULL,
  `inicio_contrato` date NOT NULL,
  `fecha_revision` date DEFAULT NULL,
  `motivo_baja` varchar(191) COLLATE utf8mb4_unicode_ci DEFAULT NULL,
  `fecha_baja` date DEFAULT NULL,
  `estado` int(11) NOT NULL DEFAULT '1',
  `created_at` timestamp NULL DEFAULT NULL,
  `updated_at` timestamp NULL DEFAULT NULL,
  PRIMARY KEY (`id`),
  KEY `contrato_suministros_proveedor_id_foreign` (`proveedor_id`),
  CONSTRAINT `contrato_suministros_proveedor_id_foreign` FOREIGN KEY (`proveedor_id`) REFERENCES `proveedors` (`id`)
) ENGINE=InnoDB DEFAULT CHARSET=utf8mb4 COLLATE=utf8mb4_unicode_ci;
/*!40101 SET character_set_client = @saved_cs_client */;

--
-- Dumping data for table `contrato_suministros`
--

LOCK TABLES `contrato_suministros` WRITE;
/*!40000 ALTER TABLE `contrato_suministros` DISABLE KEYS */;
/*!40000 ALTER TABLE `contrato_suministros` ENABLE KEYS */;
UNLOCK TABLES;

--
-- Table structure for table `contratos`
--

DROP TABLE IF EXISTS `contratos`;
/*!40101 SET @saved_cs_client     = @@character_set_client */;
/*!40101 SET character_set_client = utf8 */;
CREATE TABLE `contratos` (
  `id` bigint(20) unsigned NOT NULL AUTO_INCREMENT,
  `empleado_id` bigint(20) unsigned NOT NULL,
  `tipocontrato_id` bigint(20) unsigned NOT NULL,
  `salario` double(8,2) NOT NULL,
  `funciones` text COLLATE utf8mb4_unicode_ci NOT NULL,
  `motivo_contratacion` varchar(191) COLLATE utf8mb4_unicode_ci DEFAULT NULL,
  `motivo` varchar(191) COLLATE utf8mb4_unicode_ci DEFAULT NULL,
  `estado` int(11) NOT NULL DEFAULT '1',
  `created_at` timestamp NULL DEFAULT NULL,
  `updated_at` timestamp NULL DEFAULT NULL,
  `inicio_contrato` date NOT NULL,
  `fin_contrato` date NOT NULL,
  `hora_entrada` time NOT NULL,
  `hora_salida` time NOT NULL,
  `fecha_aprobacion` date NOT NULL,
  `fecha_revision` date NOT NULL,
  `cargo_id` bigint(20) unsigned NOT NULL,
  PRIMARY KEY (`id`),
  KEY `contratos_tipocontrato_id_foreign` (`tipocontrato_id`),
  KEY `contratos_empleado_id_foreign` (`empleado_id`),
  KEY `contratos_cargo_id_foreign` (`cargo_id`),
  CONSTRAINT `contratos_cargo_id_foreign` FOREIGN KEY (`cargo_id`) REFERENCES `cargos` (`id`),
  CONSTRAINT `contratos_empleado_id_foreign` FOREIGN KEY (`empleado_id`) REFERENCES `empleados` (`id`),
  CONSTRAINT `contratos_tipocontrato_id_foreign` FOREIGN KEY (`tipocontrato_id`) REFERENCES `tipocontratos` (`id`)
) ENGINE=InnoDB AUTO_INCREMENT=3 DEFAULT CHARSET=utf8mb4 COLLATE=utf8mb4_unicode_ci;
/*!40101 SET character_set_client = @saved_cs_client */;

--
-- Dumping data for table `contratos`
--

LOCK TABLES `contratos` WRITE;
/*!40000 ALTER TABLE `contratos` DISABLE KEYS */;
INSERT INTO `contratos` VALUES (1,13,1,300.00,'Se encargara de revisar la logística dentro de la alcaldía',NULL,NULL,1,'2019-06-26 14:42:46','2019-06-26 14:42:46','2019-06-26','2019-12-31','08:00:00','16:00:00','2019-06-26','2019-06-26',1),(2,5,1,400.00,'varias funciones',NULL,NULL,1,'2019-06-26 14:49:01','2019-06-26 14:49:01','2019-06-24','2019-12-31','08:00:00','16:00:00','2019-06-17','2019-06-17',1);
/*!40000 ALTER TABLE `contratos` ENABLE KEYS */;
UNLOCK TABLES;

--
-- Table structure for table `contribuyentes`
--

DROP TABLE IF EXISTS `contribuyentes`;
/*!40101 SET @saved_cs_client     = @@character_set_client */;
/*!40101 SET character_set_client = utf8 */;
CREATE TABLE `contribuyentes` (
  `id` bigint(20) unsigned NOT NULL AUTO_INCREMENT,
  `nombre` varchar(191) COLLATE utf8mb4_unicode_ci NOT NULL,
  `dui` varchar(191) COLLATE utf8mb4_unicode_ci NOT NULL,
  `nit` varchar(191) COLLATE utf8mb4_unicode_ci NOT NULL,
  `nacimiento` date NOT NULL,
  `direccion` varchar(191) COLLATE utf8mb4_unicode_ci NOT NULL,
  `telefono` varchar(191) COLLATE utf8mb4_unicode_ci NOT NULL,
  `sexo` varchar(191) COLLATE utf8mb4_unicode_ci NOT NULL,
  `estado` int(11) NOT NULL DEFAULT '1',
  `motivo` varchar(191) COLLATE utf8mb4_unicode_ci DEFAULT NULL,
  `fechabaja` date DEFAULT NULL,
  `created_at` timestamp NULL DEFAULT NULL,
  `updated_at` timestamp NULL DEFAULT NULL,
  PRIMARY KEY (`id`)
) ENGINE=InnoDB AUTO_INCREMENT=51 DEFAULT CHARSET=utf8mb4 COLLATE=utf8mb4_unicode_ci;
/*!40101 SET character_set_client = @saved_cs_client */;

--
-- Dumping data for table `contribuyentes`
--

LOCK TABLES `contribuyentes` WRITE;
/*!40000 ALTER TABLE `contribuyentes` DISABLE KEYS */;
INSERT INTO `contribuyentes` VALUES (1,'Prof. Elsa Jenkins','4630400-1','6147-121409-6-0','1989-03-07','79101 Hirthe Plaza Apt. 594\nNew Dock, AK 03140-0918','6087-2104','Másculino',1,NULL,NULL,'2019-06-19 15:34:25','2019-06-19 15:34:25'),(2,'Dr. Jaycee Heaney V','12535396-1','7781-530112-365-0','1978-10-05','3225 Johanna Pine\nSelenaburgh, NH 92150','6393-6434','Másculino',1,NULL,NULL,'2019-06-19 15:34:25','2019-06-19 15:34:25'),(3,'Ora Bednar Sr.','71728205-1','7774-234014-36-1','1999-05-16','65835 Schinner Brook\nDickensport, OR 94723-9665','6511-1579','Másculino',1,NULL,NULL,'2019-06-19 15:34:25','2019-06-19 15:34:25'),(4,'Zack Pagac I','93838925-0','9546-401228-482-1','1992-09-21','977 Muller Hill Apt. 971\nShaniyaland, KS 51425-6658','6040-4107','Másculino',1,NULL,NULL,'2019-06-19 15:34:25','2019-06-19 15:34:25'),(5,'Prof. Markus Lesch DDS','57510887-1','9221-520704-747-0','1970-12-02','337 Hoeger Rapids Suite 735\nEast Conner, NY 76853','6724-6197','Másculino',1,NULL,NULL,'2019-06-19 15:34:25','2019-06-19 15:34:25'),(6,'Mr. Ralph Stiedemann','39269446-0','5094-936587-565-0','1995-12-07','98340 Halvorson Lane\nWest Norberto, NJ 22801','7094-9636','Másculino',1,NULL,NULL,'2019-06-19 15:34:25','2019-06-19 15:34:25'),(7,'Sammie Kautzer','51643906-1','8994-622157-586-1','1999-01-19','8494 Mayert Lights\nTheresiaport, NC 76579','6810-4029','Másculino',1,NULL,NULL,'2019-06-19 15:34:25','2019-06-19 15:34:25'),(8,'Prof. Wilburn Breitenberg','35011727-0','6108-673948-120-0','1989-01-18','52441 Keanu View\nLake Amirhaven, TX 28207-2442','6549-4910','Másculino',1,NULL,NULL,'2019-06-19 15:34:25','2019-06-19 15:34:25'),(9,'Hector Gleichner','72808077-1','756-89009-142-1','1979-05-16','11746 Norwood Forks\nNew Elwinburgh, WA 84357','6689-5463','Másculino',1,NULL,NULL,'2019-06-19 15:34:25','2019-06-19 15:34:25'),(10,'Prof. Rowena Grimes DVM','2620107-1','1315-692398-643-0','1994-08-10','92843 Graciela Plains\nSouth Elishahaven, PA 17297','7758-4067','Másculino',1,NULL,NULL,'2019-06-19 15:34:25','2019-06-19 15:34:25'),(11,'Dr. Johathan Osinski','9888182-1','5122-398679-555-1','1972-06-30','74433 Bins Points Apt. 354\nNorth Tremayne, LA 77735-0552','6577-4390','Másculino',1,NULL,NULL,'2019-06-19 15:34:25','2019-06-19 15:34:25'),(12,'Sonny Bailey IV','84160208-1','9820-743177-842-0','1987-03-30','38775 Langosh Village\nWest Diana, LA 37210','7780-7304','Másculino',1,NULL,NULL,'2019-06-19 15:34:25','2019-06-19 15:34:25'),(13,'Ms. Giovanna Berge','18554609-0','7861-349872-932-0','1983-05-13','4194 Lamont Village\nD\'Amoremouth, HI 58852-0787','7803-4976','Másculino',1,NULL,NULL,'2019-06-19 15:34:25','2019-06-19 15:34:25'),(14,'Casimir Hand DDS','1308803-0','8037-330937-374-0','1972-04-11','37786 Oberbrunner Drive Apt. 365\nJarvisview, AL 06365-9499','7546-382','Másculino',1,NULL,NULL,'2019-06-19 15:34:25','2019-06-19 15:34:25'),(15,'Kathryne Corwin','94707786-0','4632-877966-204-1','1981-11-18','3530 Altenwerth Circle Suite 905\nAdellside, SC 46923','6011-6835','Másculino',1,NULL,NULL,'2019-06-19 15:34:25','2019-06-19 15:34:25'),(16,'Darlene Feil','93949793-0','8632-220441-539-0','1970-07-14','418 Paris Crest\nPort Marco, CT 85097-2480','6301-5170','Másculino',1,NULL,NULL,'2019-06-19 15:34:25','2019-06-19 15:34:25'),(17,'Wendell Lemke','50358355-0','5659-356498-269-1','1986-05-13','25152 Rice Green Suite 139\nEast Emmetland, RI 53388-0410','6065-9109','Másculino',1,NULL,NULL,'2019-06-19 15:34:25','2019-06-19 15:34:25'),(18,'Bonnie Hyatt','6304207-0','5533-125519-174-0','1973-02-18','2699 Chanel Ramp Suite 438\nEast Delmer, WY 42122-8341','6285-4144','Másculino',1,NULL,NULL,'2019-06-19 15:34:25','2019-06-19 15:34:25'),(19,'Dora Gorczany','41192002-0','5780-920091-705-1','1974-12-25','58065 Devon Hollow Apt. 111\nRigobertohaven, KS 49712','6689-9570','Másculino',1,NULL,NULL,'2019-06-19 15:34:25','2019-06-19 15:34:25'),(20,'Shanny Romaguera','48555271-0','679-898481-960-0','1976-11-25','97864 Torphy Ridge\nSouth Alexannestad, FL 03607-8105','7437-6642','Másculino',1,NULL,NULL,'2019-06-19 15:34:25','2019-06-19 15:34:25'),(21,'Mr. Karl Predovic DVM','77903930-1','2625-703979-573-1','1995-05-10','21470 Kuvalis Drive\nRathstad, NM 56825-9158','6496-3000','Másculino',1,NULL,NULL,'2019-06-19 15:34:25','2019-06-19 15:34:25'),(22,'Soledad Grant V','57211408-1','2849-97769-171-1','1984-09-26','74514 Lucienne Views Suite 968\nAimeefurt, CA 11533','7823-8543','Másculino',1,NULL,NULL,'2019-06-19 15:34:25','2019-06-19 15:34:25'),(23,'Mr. Aiden Block','10459734-0','8612-132622-567-1','1994-02-23','8585 Chanelle Meadows Suite 950\nSouth Jermaine, IL 33528','7607-6834','Másculino',1,NULL,NULL,'2019-06-19 15:34:25','2019-06-19 15:34:25'),(24,'Jermain Borer DVM','27505342-0','7480-846496-237-0','1974-07-09','9660 Ismael Stream Suite 286\nSouth Bartfurt, TX 54349-4975','6414-6893','Másculino',1,NULL,NULL,'2019-06-19 15:34:25','2019-06-19 15:34:25'),(25,'Joey Hoppe','56545723-0','6761-42656-650-0','1971-03-17','164 Zemlak Passage Apt. 704\nHodkiewiczstad, CO 85923','6829-1423','Másculino',1,NULL,NULL,'2019-06-19 15:34:25','2019-06-19 15:34:25'),(26,'Mr. Mervin Keebler I','19865433-0','598-87267-86-0','1979-06-17','237 Little Parkways Apt. 901\nMeaganfurt, VT 41698-6503','6105-4326','Másculino',1,NULL,NULL,'2019-06-19 15:34:25','2019-06-19 15:34:25'),(27,'Keenan Hudson','90368587-0','766-74848-814-1','1977-07-15','8788 Moen Cliff\nEast Daviontown, IL 41430','6073-8974','Másculino',1,NULL,NULL,'2019-06-19 15:34:25','2019-06-19 15:34:25'),(28,'Nadia Kozey','20333137-0','2241-989838-590-1','1971-01-05','927 Huel Lake\nWiegandtown, CO 21192','6666-6665','Másculino',1,NULL,NULL,'2019-06-19 15:34:25','2019-06-19 15:34:25'),(29,'Chester Yundt','66347523-1','483-812811-187-0','1973-06-09','51604 Hettinger Unions Suite 269\nCarlishire, WY 71891-0042','6906-3735','Másculino',1,NULL,NULL,'2019-06-19 15:34:25','2019-06-19 15:34:25'),(30,'Israel Schmitt V','86267374-0','9775-251952-210-0','1999-04-14','90280 Earline Vista Suite 646\nLake Lavonneton, AK 26423-5244','6838-3687','Másculino',1,NULL,NULL,'2019-06-19 15:34:25','2019-06-19 15:34:25'),(31,'Jamison Volkman','72743987-0','3212-220175-335-1','1991-08-01','50308 Macejkovic Rapid Suite 041\nSchoenside, MI 49000-1935','7346-5541','Másculino',1,NULL,NULL,'2019-06-19 15:34:25','2019-06-19 15:34:25'),(32,'Prof. Katarina Beer II','77430927-0','1024-878616-483-1','1992-08-09','797 Abbott Keys Apt. 881\nLake Amaniville, HI 31968','6529-964','Másculino',1,NULL,NULL,'2019-06-19 15:34:26','2019-06-19 15:34:26'),(33,'Ms. Maxie Homenick','35350833-0','177-661631-613-0','1988-06-10','308 Metz Court Apt. 900\nLake Cydney, NE 81267','6581-3053','Másculino',1,NULL,NULL,'2019-06-19 15:34:26','2019-06-19 15:34:26'),(34,'Mr. Moshe Kling','85717902-0','815-59099-27-1','1984-01-12','62810 Wiegand Curve\nWest Garrisonberg, AR 05930-3263','6052-8028','Másculino',1,NULL,NULL,'2019-06-19 15:34:26','2019-06-19 15:34:26'),(35,'Maurice Ward','15918772-1','7257-921709-809-1','1996-01-10','1362 Ledner Fall Apt. 524\nSamirville, SC 12093','6438-2962','Másculino',1,NULL,NULL,'2019-06-19 15:34:26','2019-06-19 15:34:26'),(36,'Kristina Hane','88506534-1','2914-517214-613-0','1996-12-14','496 Jenkins Club Suite 140\nMarilynetown, GA 60570-1823','6867-9684','Másculino',1,NULL,NULL,'2019-06-19 15:34:26','2019-06-19 15:34:26'),(37,'Lucas Harber MD','545235-0','681-427069-944-1','1970-01-05','819 Wiegand Cove Suite 521\nTillmanchester, CT 94528-2034','6702-6006','Másculino',1,NULL,NULL,'2019-06-19 15:34:26','2019-06-19 15:34:26'),(38,'Lauryn Lesch','60840968-0','6059-985504-538-1','1971-03-19','996 Daphnee Mountain\nLake Mckenzie, AR 10113-5514','7157-5985','Másculino',1,NULL,NULL,'2019-06-19 15:34:26','2019-06-19 15:34:26'),(39,'Bettie Harris','63472283-1','1228-62216-948-0','1994-12-24','9296 Toney Lane Apt. 599\nKautzermouth, NE 96102-6295','7165-8310','Másculino',1,NULL,NULL,'2019-06-19 15:34:26','2019-06-19 15:34:26'),(40,'Marietta Schimmel','77732189-1','10-4797-916-0','1982-07-20','6834 Schulist Haven Suite 794\nMurrayview, AL 26434','6249-1551','Másculino',1,NULL,NULL,'2019-06-19 15:34:26','2019-06-19 15:34:26'),(41,'Darrion Lebsack','70746264-0','8642-519259-981-1','1976-11-22','79534 O\'Connell Plains Suite 721\nLangworthchester, NM 21913-5320','7979-2655','Másculino',1,NULL,NULL,'2019-06-19 15:34:26','2019-06-19 15:34:26'),(42,'Keyon Batz','61856982-1','3587-85586-3-1','1972-11-16','656 Myrtie Land Apt. 375\nKipland, PA 23635','7065-5997','Másculino',1,NULL,NULL,'2019-06-19 15:34:26','2019-06-19 15:34:26'),(43,'Desiree Ryan','96877914-1','7472-551391-741-1','1980-01-27','66550 Rutherford Forest Suite 752\nNorth Shanietown, NJ 67790-7652','6056-8681','Másculino',1,NULL,NULL,'2019-06-19 15:34:26','2019-06-19 15:34:26'),(44,'Prof. Trace Powlowski DDS','43584796-1','5710-712579-428-1','1979-01-30','66144 Kristoffer Canyon\nNew Deontae, NC 19549','7089-6126','Másculino',1,NULL,NULL,'2019-06-19 15:34:26','2019-06-19 15:34:26'),(45,'Dr. Lesley Fadel MD','11850091-0','3120-367298-61-1','1986-08-02','9150 Myah Estate\nLake Susieport, TX 06379-6858','7970-1167','Másculino',1,NULL,NULL,'2019-06-19 15:34:26','2019-06-19 15:34:26'),(46,'Janet Murazik','98926801-0','9202-474444-1-0','1986-10-15','93147 Asa Row Suite 379\nWillmsfort, OR 96821','6907-1393','Másculino',1,NULL,NULL,'2019-06-19 15:34:26','2019-06-19 15:34:26'),(47,'Nia Ruecker','79509099-0','2299-13447-931-0','1995-05-06','49698 Kohler Station Apt. 742\nNathanialfurt, MT 04888','7529-1967','Másculino',1,NULL,NULL,'2019-06-19 15:34:26','2019-06-19 15:34:26'),(48,'Ms. Sarai Bins','96102240-1','350-881838-895-0','1983-02-22','809 Benedict Village Apt. 375\nKuhlmanberg, NJ 99103-4200','7002-6514','Másculino',1,NULL,NULL,'2019-06-19 15:34:26','2019-06-19 15:34:26'),(49,'Ricky Nitzsche','35374313-0','4080-858029-566-1','1990-02-20','40090 Schinner Mill\nSchmittfort, VT 74889-0654','7089-3302','Másculino',1,NULL,NULL,'2019-06-19 15:34:26','2019-06-19 15:34:26'),(50,'Prof. Barry Hill','73768384-1','2278-549683-64-0','1977-05-13','932 Moen Light\nSchulisthaven, NV 69687-0311','6350-7566','Másculino',1,NULL,NULL,'2019-06-19 15:34:26','2019-06-19 15:34:26');
/*!40000 ALTER TABLE `contribuyentes` ENABLE KEYS */;
UNLOCK TABLES;

--
-- Table structure for table `correosolicituds`
--

DROP TABLE IF EXISTS `correosolicituds`;
/*!40101 SET @saved_cs_client     = @@character_set_client */;
/*!40101 SET character_set_client = utf8 */;
CREATE TABLE `correosolicituds` (
  `id` bigint(20) unsigned NOT NULL AUTO_INCREMENT,
  `solicitudcotizacion_id` bigint(20) unsigned NOT NULL,
  `correo` varchar(191) COLLATE utf8mb4_unicode_ci NOT NULL,
  `created_at` timestamp NULL DEFAULT NULL,
  `updated_at` timestamp NULL DEFAULT NULL,
  PRIMARY KEY (`id`),
  KEY `correosolicituds_solicitudcotizacion_id_foreign` (`solicitudcotizacion_id`),
  CONSTRAINT `correosolicituds_solicitudcotizacion_id_foreign` FOREIGN KEY (`solicitudcotizacion_id`) REFERENCES `solicitudcotizacions` (`id`)
) ENGINE=InnoDB DEFAULT CHARSET=utf8mb4 COLLATE=utf8mb4_unicode_ci;
/*!40101 SET character_set_client = @saved_cs_client */;

--
-- Dumping data for table `correosolicituds`
--

LOCK TABLES `correosolicituds` WRITE;
/*!40000 ALTER TABLE `correosolicituds` DISABLE KEYS */;
/*!40000 ALTER TABLE `correosolicituds` ENABLE KEYS */;
UNLOCK TABLES;

--
-- Table structure for table `cotizacions`
--

DROP TABLE IF EXISTS `cotizacions`;
/*!40101 SET @saved_cs_client     = @@character_set_client */;
/*!40101 SET character_set_client = utf8 */;
CREATE TABLE `cotizacions` (
  `id` bigint(20) unsigned NOT NULL AUTO_INCREMENT,
  `proveedor_id` bigint(20) unsigned NOT NULL,
  `descripcion` varchar(191) COLLATE utf8mb4_unicode_ci NOT NULL,
  `estado` int(11) NOT NULL DEFAULT '1',
  `created_at` timestamp NULL DEFAULT NULL,
  `updated_at` timestamp NULL DEFAULT NULL,
  `seleccionado` tinyint(1) NOT NULL DEFAULT '0',
  `solicitudcotizacion_id` bigint(20) unsigned NOT NULL,
  PRIMARY KEY (`id`),
  KEY `cotizacions_proveedor_id_foreign` (`proveedor_id`),
  KEY `cotizacions_solicitudcotizacion_id_foreign` (`solicitudcotizacion_id`),
  CONSTRAINT `cotizacions_proveedor_id_foreign` FOREIGN KEY (`proveedor_id`) REFERENCES `proveedors` (`id`),
  CONSTRAINT `cotizacions_solicitudcotizacion_id_foreign` FOREIGN KEY (`solicitudcotizacion_id`) REFERENCES `solicitudcotizacions` (`id`)
) ENGINE=InnoDB AUTO_INCREMENT=101 DEFAULT CHARSET=utf8mb4 COLLATE=utf8mb4_unicode_ci;
/*!40101 SET character_set_client = @saved_cs_client */;

--
-- Dumping data for table `cotizacions`
--

LOCK TABLES `cotizacions` WRITE;
/*!40000 ALTER TABLE `cotizacions` DISABLE KEYS */;
INSERT INTO `cotizacions` VALUES (94,26,'6',3,'2020-01-27 18:07:34','2020-01-27 18:24:46',1,82),(95,48,'1',1,'2020-01-27 18:09:08','2020-01-27 18:09:08',0,82),(96,33,'3',3,'2020-01-28 16:01:49','2020-01-28 16:07:35',1,83),(97,50,'2',3,'2020-01-28 16:02:05','2020-01-28 16:03:24',1,84),(98,48,'3',1,'2020-02-05 16:10:41','2020-02-05 16:10:41',0,85),(99,46,'6',3,'2020-02-05 16:31:29','2020-02-24 15:27:35',1,85),(100,7,'2',3,'2020-02-24 14:39:34','2020-02-24 14:41:07',1,86);
/*!40000 ALTER TABLE `cotizacions` ENABLE KEYS */;
UNLOCK TABLES;

--
-- Table structure for table `cuenta_detalles`
--

DROP TABLE IF EXISTS `cuenta_detalles`;
/*!40101 SET @saved_cs_client     = @@character_set_client */;
/*!40101 SET character_set_client = utf8 */;
CREATE TABLE `cuenta_detalles` (
  `id` varchar(191) COLLATE utf8mb4_unicode_ci NOT NULL,
  `cuenta_id` bigint(20) unsigned NOT NULL,
  `accion` varchar(191) COLLATE utf8mb4_unicode_ci NOT NULL,
  `tipo` int(11) NOT NULL,
  `monto` double(8,2) NOT NULL,
  `created_at` timestamp NULL DEFAULT NULL,
  `updated_at` timestamp NULL DEFAULT NULL,
  PRIMARY KEY (`id`),
  KEY `cuenta_detalles_cuenta_id_foreign` (`cuenta_id`),
  CONSTRAINT `cuenta_detalles_cuenta_id_foreign` FOREIGN KEY (`cuenta_id`) REFERENCES `cuentas` (`id`)
) ENGINE=InnoDB DEFAULT CHARSET=utf8mb4 COLLATE=utf8mb4_unicode_ci;
/*!40101 SET character_set_client = @saved_cs_client */;

--
-- Dumping data for table `cuenta_detalles`
--

LOCK TABLES `cuenta_detalles` WRITE;
/*!40000 ALTER TABLE `cuenta_detalles` DISABLE KEYS */;
INSERT INTO `cuenta_detalles` VALUES ('20190605062100000021-14',9,'Se pago la cantidad de $23.77 correspondiente al pago del servicio: Operadora DelSur',1,23.77,'2019-12-06 00:06:21','2019-12-06 00:06:21'),('20190805084100000041-15',9,'Se pago la cantidad de $60.99 correspondiente al pago del servicio: Claro El Salvador del mes de Diciembre',1,60.99,'2019-12-06 00:08:41','2019-12-06 00:08:41'),('20191320132000000029',6,'Apertura de cuenta',1,1000.00,'2019-08-20 15:13:29','2019-08-20 15:13:29'),('20191320132000000044',7,'Apertura de cuenta',1,200.00,'2019-08-20 15:13:44','2019-08-20 15:13:44'),('20191408144500000045',6,'Se han abonado $100 a la cuenta FODES',1,100.00,'2019-10-08 17:14:45','2019-10-08 17:14:45'),('20191830182500000025-5',6,'Se tranfirió la cantidad de $100 a la cuenta Fondos Propios',2,100.00,'2019-09-30 16:18:25','2019-09-30 16:18:25'),('20191830182500000025-6',7,'Se tranfirió la cantidad de $100 de la cuenta FODES',1,100.00,'2019-09-30 16:18:25','2019-09-30 16:18:25'),('20192208221800000018-10',8,'Se han abonado $1000 a la cuenta FISDL según acuerdo N° 3467',1,1000.00,'2019-10-08 17:22:18','2019-10-08 17:22:18'),('20192527252700000017',8,'Apertura de cuenta',1,0.00,'2019-09-27 15:25:17','2019-09-27 15:25:17'),('20192914294400000044-11',9,'Apertura de cuenta',1,2000.00,'2019-10-15 00:29:44','2019-10-15 00:29:44'),('20193726370200000002-18',6,'Se tranfirió la cantidad de $2000 a la cuenta del proyecto Fiestas patronales 2020',2,2000.00,'2019-12-26 16:37:02','2019-12-26 16:37:02'),('20193727375500000055',6,'Se tranfirió la cantidad de $100 a la cuenta del proyecto COn una cuenta',2,100.00,'2019-09-27 21:37:55','2019-09-27 21:37:55'),('20194306430800000008-16',6,'Se tranfirió la cantidad de $1000 a la cuenta del proyecto Fiestas patronales 2020',2,1000.00,'2019-12-06 14:43:08','2019-12-06 14:43:08'),('20194603463000000030-7',6,'Se tranfirió la cantidad de $100 a la cuenta Fondos Propios',2,100.00,'2019-10-03 15:46:30','2019-10-03 15:46:30'),('20194603463000000030-8',7,'Se tranfirió la cantidad de $100 de la cuenta FODES',1,100.00,'2019-10-03 15:46:30','2019-10-03 15:46:30'),('20194620463100000031-13',6,'Se tranfirió la cantidad de $1000 a la cuenta del proyecto Fiestas patronales 2020',2,1000.00,'2019-11-20 21:46:31','2019-11-20 21:46:31'),('20195106514400000044-17',9,'Se pago la cantidad de $200 correspondiente al pago del servicio: MIDES del mes de Diciembre',1,200.00,'2019-12-06 14:51:44','2019-12-06 14:51:44'),('20195414544100000041-12',6,'Se remesaron 6000 del Fondo General de la Nación',1,6000.00,'2019-10-15 00:54:41','2019-10-15 00:54:41'),('20200924093000000030-19',6,'Se pagó la cantidad de $5 por el pago de Orden de compra n°:003-2020 para actividad: una con servicios',1,5.00,'2020-02-24 14:09:30','2020-02-24 14:09:30'),('20201224123700000037-20',6,'Se pagó la cantidad de $1300 por el pago de Orden de compra n°:002-2020 para actividad: una con servicios',1,1300.00,'2020-02-24 14:12:37','2020-02-24 14:12:37'),('20203224322100000021-22',7,'Se pagó la cantidad de $13 por el pago de Orden de compra n°:005-2020 para actividad: y definitiva',1,13.00,'2020-02-24 15:32:21','2020-02-24 15:32:21'),('20204424444000000040-21',6,'Se pagó la cantidad de $4000 por el pago de Orden de compra n°:004-2020 para actividad: una prueba para asesoria',1,4000.00,'2020-02-24 14:44:40','2020-02-24 14:44:40');
/*!40000 ALTER TABLE `cuenta_detalles` ENABLE KEYS */;
UNLOCK TABLES;

--
-- Table structure for table `cuentaprincipals`
--

DROP TABLE IF EXISTS `cuentaprincipals`;
/*!40101 SET @saved_cs_client     = @@character_set_client */;
/*!40101 SET character_set_client = utf8 */;
CREATE TABLE `cuentaprincipals` (
  `id` bigint(20) unsigned NOT NULL AUTO_INCREMENT,
  `numero_de_cuenta` int(11) NOT NULL,
  `banco` varchar(191) COLLATE utf8mb4_unicode_ci NOT NULL,
  `anio` int(11) NOT NULL,
  `monto_inicial` double(8,2) NOT NULL,
  `estado` int(11) NOT NULL DEFAULT '1',
  `created_at` timestamp NULL DEFAULT NULL,
  `updated_at` timestamp NULL DEFAULT NULL,
  `fecha_baja` date DEFAULT NULL,
  `motivo` varchar(191) COLLATE utf8mb4_unicode_ci DEFAULT NULL,
  PRIMARY KEY (`id`)
) ENGINE=InnoDB DEFAULT CHARSET=utf8mb4 COLLATE=utf8mb4_unicode_ci;
/*!40101 SET character_set_client = @saved_cs_client */;

--
-- Dumping data for table `cuentaprincipals`
--

LOCK TABLES `cuentaprincipals` WRITE;
/*!40000 ALTER TABLE `cuentaprincipals` DISABLE KEYS */;
/*!40000 ALTER TABLE `cuentaprincipals` ENABLE KEYS */;
UNLOCK TABLES;

--
-- Table structure for table `cuentaproy_detalles`
--

DROP TABLE IF EXISTS `cuentaproy_detalles`;
/*!40101 SET @saved_cs_client     = @@character_set_client */;
/*!40101 SET character_set_client = utf8 */;
CREATE TABLE `cuentaproy_detalles` (
  `id` varchar(191) COLLATE utf8mb4_unicode_ci NOT NULL,
  `cuentaproy_id` bigint(20) unsigned NOT NULL,
  `accion` varchar(191) COLLATE utf8mb4_unicode_ci NOT NULL,
  `tipo` int(11) NOT NULL,
  `monto` double(8,2) NOT NULL,
  `created_at` timestamp NULL DEFAULT NULL,
  `updated_at` timestamp NULL DEFAULT NULL,
  `acuerdo` varchar(191) COLLATE utf8mb4_unicode_ci DEFAULT NULL,
  PRIMARY KEY (`id`),
  KEY `cuentaproy_detalles_cuentaproy_id_foreign` (`cuentaproy_id`),
  CONSTRAINT `cuentaproy_detalles_cuentaproy_id_foreign` FOREIGN KEY (`cuentaproy_id`) REFERENCES `cuentaproys` (`id`)
) ENGINE=InnoDB DEFAULT CHARSET=utf8mb4 COLLATE=utf8mb4_unicode_ci;
/*!40101 SET character_set_client = @saved_cs_client */;

--
-- Dumping data for table `cuentaproy_detalles`
--

LOCK TABLES `cuentaproy_detalles` WRITE;
/*!40000 ALTER TABLE `cuentaproy_detalles` DISABLE KEYS */;
INSERT INTO `cuentaproy_detalles` VALUES ('20193726370200000002',12,'Se abono de la cuenta FODES 75%',1,2000.00,'2019-12-26 16:37:02','2019-12-26 16:37:02','AC/2019-7824'),('20194306430600000024',12,'Pago de planilla al 30/11/2019 del proyecto Fiestas patronales 2020',2,400.00,'2019-12-06 14:43:24','2019-12-06 14:43:24',NULL),('20194306430800000008',12,'Se abono de la cuenta FODES 75%',1,1000.00,'2019-12-06 14:43:08','2019-12-06 14:43:08',NULL),('20194320432000000008',12,'Pago de planilla al 02/11/2019 del proyecto Fiestas patronales 2020',2,490.00,'2019-11-20 22:43:08','2019-11-20 22:43:08',NULL),('20194420442000000003',12,'Pago de planilla al 23/11/2019 del proyecto Fiestas patronales 2020',2,460.00,'2019-11-20 22:44:03','2019-11-20 22:44:03',NULL),('20194506450600000057',12,'Pago de planilla al 27/12/2019 del proyecto Fiestas patronales 2020',2,392.00,'2019-12-06 14:45:57','2019-12-06 14:45:57',NULL),('20194620463000000030',12,'Se abono de la cuenta FODES 75%',1,1000.00,'2019-11-20 21:46:30','2019-11-20 21:46:30',NULL),('20204421442100000002',12,'Pago de planilla al 13/12/2019 del proyecto Fiestas patronales 2020',2,405.00,'2020-02-21 19:44:02','2020-02-21 19:44:02',NULL);
/*!40000 ALTER TABLE `cuentaproy_detalles` ENABLE KEYS */;
UNLOCK TABLES;

--
-- Table structure for table `cuentaproys`
--

DROP TABLE IF EXISTS `cuentaproys`;
/*!40101 SET @saved_cs_client     = @@character_set_client */;
/*!40101 SET character_set_client = utf8 */;
CREATE TABLE `cuentaproys` (
  `id` bigint(20) unsigned NOT NULL AUTO_INCREMENT,
  `numero_cuenta` bigint(20) DEFAULT NULL,
  `proyecto_id` bigint(20) unsigned NOT NULL,
  `monto_inicial` double(8,2) NOT NULL,
  `estado` int(11) NOT NULL DEFAULT '1',
  `fecha_de_reasignacion` date DEFAULT NULL,
  `motivo_reasignacion` varchar(191) COLLATE utf8mb4_unicode_ci DEFAULT NULL,
  `created_at` timestamp NULL DEFAULT NULL,
  `updated_at` timestamp NULL DEFAULT NULL,
  `monto` double(8,2) DEFAULT NULL,
  `banco_id` bigint(20) unsigned DEFAULT NULL,
  PRIMARY KEY (`id`),
  KEY `cuentaproys_proyecto_id_foreign` (`proyecto_id`),
  KEY `cuentaproys_banco_id_foreign` (`banco_id`),
  CONSTRAINT `cuentaproys_banco_id_foreign` FOREIGN KEY (`banco_id`) REFERENCES `bancos` (`id`),
  CONSTRAINT `cuentaproys_proyecto_id_foreign` FOREIGN KEY (`proyecto_id`) REFERENCES `proyectos` (`id`)
) ENGINE=InnoDB AUTO_INCREMENT=16 DEFAULT CHARSET=utf8mb4 COLLATE=utf8mb4_unicode_ci;
/*!40101 SET character_set_client = @saved_cs_client */;

--
-- Dumping data for table `cuentaproys`
--

LOCK TABLES `cuentaproys` WRITE;
/*!40000 ALTER TABLE `cuentaproys` DISABLE KEYS */;
INSERT INTO `cuentaproys` VALUES (12,456789076,12,1853.00,1,NULL,NULL,'2019-10-14 23:59:13','2020-02-21 19:44:02',40000.00,3),(13,NULL,13,0.00,1,NULL,NULL,'2019-10-17 16:07:19','2019-10-17 16:07:19',1000.00,NULL),(14,NULL,14,0.00,1,NULL,NULL,'2020-02-10 15:59:53','2020-02-10 15:59:53',51000.00,NULL),(15,NULL,15,0.00,1,NULL,NULL,'2020-02-24 01:25:16','2020-02-24 01:25:16',5533.00,NULL);
/*!40000 ALTER TABLE `cuentaproys` ENABLE KEYS */;
UNLOCK TABLES;

--
-- Table structure for table `cuentas`
--

DROP TABLE IF EXISTS `cuentas`;
/*!40101 SET @saved_cs_client     = @@character_set_client */;
/*!40101 SET character_set_client = utf8 */;
CREATE TABLE `cuentas` (
  `id` bigint(20) unsigned NOT NULL AUTO_INCREMENT,
  `numero_cuenta` bigint(20) NOT NULL,
  `fecha_de_apertura` date NOT NULL,
  `monto_inicial` double(8,2) NOT NULL,
  `estado` int(11) NOT NULL DEFAULT '1',
  `fecha_de_reasignacion` date DEFAULT NULL,
  `motivo_reasignacion` varchar(191) COLLATE utf8mb4_unicode_ci DEFAULT NULL,
  `created_at` timestamp NULL DEFAULT NULL,
  `updated_at` timestamp NULL DEFAULT NULL,
  `nombre` varchar(191) COLLATE utf8mb4_unicode_ci NOT NULL,
  `banco_id` bigint(20) unsigned NOT NULL,
  `principal` int(10) unsigned NOT NULL,
  `descripcion` varchar(191) COLLATE utf8mb4_unicode_ci DEFAULT NULL,
  `anio` int(11) DEFAULT '2020',
  `fecha_liquidacion` date DEFAULT NULL,
  PRIMARY KEY (`id`),
  KEY `cuentas_banco_id_foreign` (`banco_id`),
  CONSTRAINT `cuentas_banco_id_foreign` FOREIGN KEY (`banco_id`) REFERENCES `bancos` (`id`)
) ENGINE=InnoDB AUTO_INCREMENT=10 DEFAULT CHARSET=utf8mb4 COLLATE=utf8mb4_unicode_ci;
/*!40101 SET character_set_client = @saved_cs_client */;

--
-- Dumping data for table `cuentas`
--

LOCK TABLES `cuentas` WRITE;
/*!40000 ALTER TABLE `cuentas` DISABLE KEYS */;
INSERT INTO `cuentas` VALUES (6,84741564751140002,'2019-08-20',5495.00,1,NULL,NULL,'2019-08-20 15:13:29','2020-02-24 14:44:40','FODES 75%',3,0,NULL,2019,NULL),(7,74766474676868,'2019-08-20',387.00,1,NULL,NULL,'2019-08-20 15:13:44','2020-02-24 15:32:21','Fondos Propios',3,0,NULL,2019,NULL),(8,3521543653,'2019-09-27',1000.00,1,NULL,NULL,'2019-09-27 15:25:17','2019-10-08 17:22:18','FISDL',3,0,'Cuenta para el proyecto de concreteado',2019,NULL),(9,9876452384587,'2019-10-14',1715.24,1,NULL,NULL,'2019-10-15 00:29:44','2019-12-06 14:51:44','FODES 25%',3,0,'cuanta de fodes 25%',2019,NULL);
/*!40000 ALTER TABLE `cuentas` ENABLE KEYS */;
UNLOCK TABLES;

--
-- Table structure for table `datoplanillas`
--

DROP TABLE IF EXISTS `datoplanillas`;
/*!40101 SET @saved_cs_client     = @@character_set_client */;
/*!40101 SET character_set_client = utf8 */;
CREATE TABLE `datoplanillas` (
  `id` bigint(20) unsigned NOT NULL AUTO_INCREMENT,
  `fecha` date NOT NULL,
  `tipo_pago` bigint(20) NOT NULL,
  `created_at` timestamp NULL DEFAULT NULL,
  `updated_at` timestamp NULL DEFAULT NULL,
  `proyecto_id` bigint(20) unsigned DEFAULT NULL,
  `estado` int(11) DEFAULT '1',
  `mes` int(10) unsigned DEFAULT NULL,
  `anio` int(11) DEFAULT NULL,
  `motivo` varchar(255) COLLATE utf8mb4_unicode_ci DEFAULT NULL,
  PRIMARY KEY (`id`)
) ENGINE=InnoDB AUTO_INCREMENT=18 DEFAULT CHARSET=utf8mb4 COLLATE=utf8mb4_unicode_ci;
/*!40101 SET character_set_client = @saved_cs_client */;

--
-- Dumping data for table `datoplanillas`
--

LOCK TABLES `datoplanillas` WRITE;
/*!40000 ALTER TABLE `datoplanillas` DISABLE KEYS */;
INSERT INTO `datoplanillas` VALUES (6,'2019-07-03',1,'2019-07-03 15:19:28','2019-07-03 15:19:28',NULL,1,7,2019,NULL),(7,'2019-09-30',1,'2019-09-30 16:33:13','2019-09-30 16:33:13',NULL,1,9,2019,NULL),(12,'2020-03-03',1,'2020-03-03 16:44:43','2020-03-04 16:08:56',NULL,2,3,2020,'Falto información'),(14,'2020-03-04',1,'2020-03-04 16:14:21','2020-03-06 16:02:26',NULL,2,3,2020,NULL),(15,'2020-03-09',1,'2020-03-09 15:45:16','2020-03-09 15:45:16',NULL,2,4,2020,NULL),(16,'2020-03-12',1,'2020-03-12 17:51:37','2020-03-12 17:52:03',NULL,2,11,2020,'mes erroneo'),(17,'2020-03-28',1,'2020-03-28 18:31:54','2020-03-28 18:31:54',NULL,1,3,2020,NULL);
/*!40000 ALTER TABLE `datoplanillas` ENABLE KEYS */;
UNLOCK TABLES;

--
-- Table structure for table `descuentos`
--

DROP TABLE IF EXISTS `descuentos`;
/*!40101 SET @saved_cs_client     = @@character_set_client */;
/*!40101 SET character_set_client = utf8 */;
CREATE TABLE `descuentos` (
  `id` varchar(191) COLLATE utf8mb4_unicode_ci NOT NULL,
  `categoriadescuento_id` varchar(191) COLLATE utf8mb4_unicode_ci NOT NULL,
  `empleado_id` bigint(20) unsigned NOT NULL,
  `cuota` double(8,2) NOT NULL,
  `fecha_inicio` date NOT NULL,
  `fecha_fin` date DEFAULT NULL,
  `created_at` timestamp NULL DEFAULT NULL,
  `updated_at` timestamp NULL DEFAULT NULL,
  `estado` int(11) DEFAULT '1',
  PRIMARY KEY (`id`),
  KEY `descuentos_categoriadescuento_id_foreign` (`categoriadescuento_id`),
  KEY `descuentos_empleado_id_foreign` (`empleado_id`),
  CONSTRAINT `descuentos_categoriadescuento_id_foreign` FOREIGN KEY (`categoriadescuento_id`) REFERENCES `categoria_descuentos` (`id`),
  CONSTRAINT `descuentos_empleado_id_foreign` FOREIGN KEY (`empleado_id`) REFERENCES `empleados` (`id`)
) ENGINE=InnoDB DEFAULT CHARSET=utf8mb4 COLLATE=utf8mb4_unicode_ci;
/*!40101 SET character_set_client = @saved_cs_client */;

--
-- Dumping data for table `descuentos`
--

LOCK TABLES `descuentos` WRITE;
/*!40000 ALTER TABLE `descuentos` DISABLE KEYS */;
INSERT INTO `descuentos` VALUES ('20194708472900000029','98547986986',9,20.00,'2019-10-01','2024-06-30','2019-10-08 15:47:29','2019-10-08 15:47:29',1),('20204109413600000036','98547986986',13,25.00,'2020-03-09','2021-03-09','2020-03-09 15:41:36','2020-03-09 15:41:36',1);
/*!40000 ALTER TABLE `descuentos` ENABLE KEYS */;
UNLOCK TABLES;

--
-- Table structure for table `desembolsos`
--

DROP TABLE IF EXISTS `desembolsos`;
/*!40101 SET @saved_cs_client     = @@character_set_client */;
/*!40101 SET character_set_client = utf8 */;
CREATE TABLE `desembolsos` (
  `id` varchar(191) COLLATE utf8mb4_unicode_ci NOT NULL,
  `monto` double(8,2) NOT NULL,
  `detalle` varchar(191) COLLATE utf8mb4_unicode_ci NOT NULL,
  `cuenta_id` bigint(20) unsigned DEFAULT NULL,
  `cuentaproy_id` bigint(20) unsigned DEFAULT NULL,
  `estado` int(11) NOT NULL DEFAULT '1',
  `motivo` varchar(191) COLLATE utf8mb4_unicode_ci DEFAULT NULL,
  `fecha_motivo` date DEFAULT NULL,
  `created_at` timestamp NULL DEFAULT NULL,
  `updated_at` timestamp NULL DEFAULT NULL,
  `renta` double(8,2) DEFAULT NULL,
  `fecha_desembolso` date DEFAULT NULL,
  PRIMARY KEY (`id`),
  KEY `desembolsos_cuenta_id_foreign` (`cuenta_id`),
  KEY `desembolsos_cuentaproy_id_foreign` (`cuentaproy_id`),
  CONSTRAINT `desembolsos_cuenta_id_foreign` FOREIGN KEY (`cuenta_id`) REFERENCES `cuentas` (`id`),
  CONSTRAINT `desembolsos_cuentaproy_id_foreign` FOREIGN KEY (`cuentaproy_id`) REFERENCES `cuentaproys` (`id`)
) ENGINE=InnoDB DEFAULT CHARSET=utf8mb4 COLLATE=utf8mb4_unicode_ci;
/*!40101 SET character_set_client = @saved_cs_client */;

--
-- Dumping data for table `desembolsos`
--

LOCK TABLES `desembolsos` WRITE;
/*!40000 ALTER TABLE `desembolsos` DISABLE KEYS */;
INSERT INTO `desembolsos` VALUES ('20191009105800000058',6.30,'Orden de compra n°:152019 para actividad: Probando probando 2',6,NULL,1,NULL,NULL,'2019-10-09 18:10:58','2019-10-09 18:10:58',NULL,NULL),('20191611161400000014',8.10,'Orden de compra n°:020-2019 para actividad: jhdkjfhjhjkhjk',6,NULL,1,NULL,NULL,'2019-10-11 20:16:14','2019-10-11 20:16:14',NULL,NULL),('20192601262000000020',3.60,'Orden de compra n°:132019 para actividad: Con mi presupuesto',6,NULL,1,NULL,NULL,'2019-10-01 15:26:20','2019-10-01 15:26:20',NULL,NULL),('20193114315000000050',5.40,'Orden de compra n°:021-2019 para actividad: nueva prueba',6,NULL,1,NULL,NULL,'2019-10-15 00:31:50','2019-10-15 00:31:50',NULL,NULL),('20193314331700000017',5.40,'Orden de compra n°:022-2019 para actividad: otoooroarkaevsf',7,NULL,1,NULL,NULL,'2019-10-15 00:33:17','2019-10-15 00:33:17',NULL,NULL),('20193314335900000059',7.20,'Orden de compra n°:023-2019 para actividad: Prueba prueba',7,NULL,1,NULL,NULL,'2019-10-15 00:33:59','2019-10-15 00:33:59',NULL,NULL),('20193403340300000003',22.50,'Orden de compra n°:142019 para actividad: Con mi presupuesto',6,NULL,1,NULL,NULL,'2019-10-03 16:34:03','2019-10-03 16:34:03',NULL,NULL),('20195516552600000026',9.45,'Orden de compra n°:024-2019 para actividad: Papelería',9,NULL,1,NULL,NULL,'2019-10-16 19:55:26','2019-10-16 19:55:26',NULL,NULL),('20200328032400000024',1170.00,'Orden de compra n°:002-2020 para actividad: una con servicios',6,NULL,3,NULL,NULL,'2020-01-28 16:03:24','2020-02-24 14:12:37',130.00,NULL),('20200728073500000035',5.00,'Orden de compra n°:003-2020 para actividad: una con servicios',6,NULL,3,NULL,NULL,'2020-01-28 16:07:35','2020-02-24 14:09:30',0.00,NULL),('20202427244600000046',20.70,'Orden de compra n°:001-2020 para actividad: Ya para el año 2020',9,NULL,1,NULL,NULL,'2020-01-27 18:24:46','2020-01-27 18:24:46',NULL,NULL),('20202724273500000035',13.00,'Orden de compra n°:005-2020 para actividad: y definitiva',7,NULL,3,NULL,NULL,'2020-02-24 15:27:35','2020-02-24 15:32:21',0.00,NULL),('20204124410700000007',3600.00,'Orden de compra n°:004-2020 para actividad: una prueba para asesoria',6,NULL,3,NULL,NULL,'2020-02-24 14:41:07','2020-02-24 14:44:40',400.00,NULL);
/*!40000 ALTER TABLE `desembolsos` ENABLE KEYS */;
UNLOCK TABLES;

--
-- Table structure for table `detallecotizacions`
--

DROP TABLE IF EXISTS `detallecotizacions`;
/*!40101 SET @saved_cs_client     = @@character_set_client */;
/*!40101 SET character_set_client = utf8 */;
CREATE TABLE `detallecotizacions` (
  `id` bigint(20) unsigned NOT NULL AUTO_INCREMENT,
  `cotizacion_id` bigint(20) unsigned NOT NULL,
  `marca` varchar(191) COLLATE utf8mb4_unicode_ci DEFAULT NULL,
  `unidad_medida` varchar(191) COLLATE utf8mb4_unicode_ci NOT NULL,
  `cantidad` int(11) NOT NULL,
  `precio_unitario` double NOT NULL,
  `created_at` timestamp NULL DEFAULT NULL,
  `updated_at` timestamp NULL DEFAULT NULL,
  `material_id` varchar(191) COLLATE utf8mb4_unicode_ci NOT NULL,
  PRIMARY KEY (`id`),
  KEY `detallecotizacions_cotizacion_id_foreign` (`cotizacion_id`),
  CONSTRAINT `detallecotizacions_cotizacion_id_foreign` FOREIGN KEY (`cotizacion_id`) REFERENCES `cotizacions` (`id`)
) ENGINE=InnoDB AUTO_INCREMENT=14 DEFAULT CHARSET=utf8mb4 COLLATE=utf8mb4_unicode_ci;
/*!40101 SET character_set_client = @saved_cs_client */;

--
-- Dumping data for table `detallecotizacions`
--

LOCK TABLES `detallecotizacions` WRITE;
/*!40000 ALTER TABLE `detallecotizacions` DISABLE KEYS */;
INSERT INTO `detallecotizacions` VALUES (1,94,'BIC','7',4,4.6,'2020-01-27 18:07:34','2020-01-27 18:07:34','20200822083500000035'),(2,94,'BIC','4',1,2.3,'2020-01-27 18:07:34','2020-01-27 18:07:34','20203727374400000044'),(3,94,'BIC','4',1,2.3,'2020-01-27 18:07:34','2020-01-27 18:07:34','20203727372800000028'),(4,95,NULL,'7',4,4.7,'2020-01-27 18:09:08','2020-01-27 18:09:08','20200822083500000035'),(5,95,NULL,'4',1,2.2,'2020-01-27 18:09:09','2020-01-27 18:09:09','20203727374400000044'),(6,95,NULL,'4',1,2.2,'2020-01-27 18:09:09','2020-01-27 18:09:09','20203727372800000028'),(7,96,'facela','7',1,5,'2020-01-28 16:01:49','2020-01-28 16:01:49','20200822083500000035'),(8,97,NULL,'15',1,1300,'2020-01-28 16:02:05','2020-01-28 16:02:05','20200322030300000003'),(9,98,'facela','4',4,1.6,'2020-02-05 16:10:41','2020-02-05 16:10:41','20203727372800000028'),(10,98,'facela','4',6,1.6,'2020-02-05 16:10:41','2020-02-05 16:10:41','20203727374400000044'),(11,99,'facela','4',4,1.3,'2020-02-05 16:31:29','2020-02-05 16:31:29','20203727372800000028'),(12,99,'facela','4',6,1.3,'2020-02-05 16:31:29','2020-02-05 16:31:29','20203727374400000044'),(13,100,NULL,'14',1,4000,'2020-02-24 14:39:34','2020-02-24 14:39:34','20205327534800000048');
/*!40000 ALTER TABLE `detallecotizacions` ENABLE KEYS */;
UNLOCK TABLES;

--
-- Table structure for table `detalleplanillas`
--

DROP TABLE IF EXISTS `detalleplanillas`;
/*!40101 SET @saved_cs_client     = @@character_set_client */;
/*!40101 SET character_set_client = utf8 */;
CREATE TABLE `detalleplanillas` (
  `id` bigint(20) unsigned NOT NULL AUTO_INCREMENT,
  `empleado_id` bigint(20) unsigned NOT NULL,
  `salario` double(8,2) unsigned NOT NULL,
  `tipo_pago` bigint(20) unsigned NOT NULL,
  `pago` bigint(20) unsigned NOT NULL,
  `created_at` timestamp NULL DEFAULT NULL,
  `updated_at` timestamp NULL DEFAULT NULL,
  `fecha_inicio` date DEFAULT NULL,
  `cargo_id` varchar(191) COLLATE utf8mb4_unicode_ci DEFAULT NULL,
  `proyecto_id` bigint(20) unsigned DEFAULT NULL,
  `numero_acuerdo` varchar(191) COLLATE utf8mb4_unicode_ci DEFAULT NULL,
  `unidad_id` bigint(20) unsigned DEFAULT NULL,
  `cargoproyecto_id` varchar(191) COLLATE utf8mb4_unicode_ci DEFAULT NULL,
  PRIMARY KEY (`id`),
  KEY `detalleplanillas_empleado_id_foreign` (`empleado_id`),
  KEY `detalleplanillas_proyecto_id_foreign` (`proyecto_id`),
  KEY `detalleplanillas_cargoproyecto_id_foreign` (`cargoproyecto_id`),
  CONSTRAINT `detalleplanillas_cargoproyecto_id_foreign` FOREIGN KEY (`cargoproyecto_id`) REFERENCES `cargo_proyectos` (`id`),
  CONSTRAINT `detalleplanillas_empleado_id_foreign` FOREIGN KEY (`empleado_id`) REFERENCES `empleados` (`id`),
  CONSTRAINT `detalleplanillas_proyecto_id_foreign` FOREIGN KEY (`proyecto_id`) REFERENCES `proyectos` (`id`)
) ENGINE=InnoDB AUTO_INCREMENT=48 DEFAULT CHARSET=utf8mb4 COLLATE=utf8mb4_unicode_ci;
/*!40101 SET character_set_client = @saved_cs_client */;

--
-- Dumping data for table `detalleplanillas`
--

LOCK TABLES `detalleplanillas` WRITE;
/*!40000 ALTER TABLE `detalleplanillas` DISABLE KEYS */;
INSERT INTO `detalleplanillas` VALUES (18,12,400.00,1,1,'2019-06-27 22:37:44','2019-06-27 22:37:44','2010-09-26','1',NULL,NULL,NULL,NULL),(19,27,350.00,1,1,'2019-06-27 22:37:54','2019-06-27 22:37:54','2010-10-26','1',NULL,NULL,NULL,NULL),(20,26,350.00,1,1,'2019-07-03 21:29:52','2019-07-03 21:29:52','2010-09-26','1',NULL,NULL,NULL,NULL),(21,13,350.00,1,1,'2019-07-04 15:27:26','2019-10-07 17:57:33','2010-10-26','2',NULL,'CUE-98r4',4,NULL),(22,9,400.00,1,1,'2019-07-10 22:46:13','2020-03-08 02:57:35','2010-08-26','4',NULL,'CUE-98r4',2,NULL),(29,6,400.00,1,1,'2019-10-07 17:29:47','2019-10-07 17:29:47','2020-04-01','1',NULL,NULL,NULL,NULL),(30,5,500.00,1,1,'2019-10-07 18:50:16','2019-10-07 18:50:16','2019-10-01','1',NULL,'CUE-98r4',5,NULL),(31,1,700.00,1,1,'2019-10-07 20:12:17','2019-10-07 20:12:17','2019-10-01','1',NULL,'CUE-98r4',6,NULL),(32,30,400.00,1,1,'2019-10-07 20:24:46','2019-10-07 20:24:46','2019-10-01','1',NULL,'CUE-98r4',1,NULL),(41,28,0.00,2,2,'2019-10-29 21:04:30','2019-10-29 21:04:30','2019-10-01',NULL,12,'null',NULL,'20190319030100000001'),(42,29,0.00,2,2,'2019-10-29 21:05:18','2019-10-29 21:05:18','2019-10-01',NULL,12,'null',NULL,'20192419245500000055'),(43,19,0.00,2,2,'2019-10-29 21:05:59','2019-10-29 21:05:59','2019-10-01',NULL,12,'null',NULL,'20190319030100000001'),(45,15,0.00,2,2,'2019-11-03 17:30:23','2019-11-03 17:30:23','2019-11-01',NULL,12,'null',NULL,'20190119013300000033'),(46,24,0.00,2,2,'2019-11-08 15:35:07','2019-11-08 15:35:07','2019-11-01',NULL,12,'null',NULL,'20190319030100000001'),(47,31,350.00,1,1,'2020-03-13 14:42:25','2020-03-13 14:42:25','2014-03-03','8',NULL,'tertert',4,NULL);
/*!40000 ALTER TABLE `detalleplanillas` ENABLE KEYS */;
UNLOCK TABLES;

--
-- Table structure for table `e_p_funciones`
--

DROP TABLE IF EXISTS `e_p_funciones`;
/*!40101 SET @saved_cs_client     = @@character_set_client */;
/*!40101 SET character_set_client = utf8 */;
CREATE TABLE `e_p_funciones` (
  `id` int(10) unsigned NOT NULL AUTO_INCREMENT,
  `funcion` varchar(191) COLLATE utf8mb4_unicode_ci NOT NULL,
  `contratacionproyecto_id` bigint(20) NOT NULL,
  `created_at` timestamp NULL DEFAULT NULL,
  `updated_at` timestamp NULL DEFAULT NULL,
  PRIMARY KEY (`id`)
) ENGINE=InnoDB DEFAULT CHARSET=utf8mb4 COLLATE=utf8mb4_unicode_ci;
/*!40101 SET character_set_client = @saved_cs_client */;

--
-- Dumping data for table `e_p_funciones`
--

LOCK TABLES `e_p_funciones` WRITE;
/*!40000 ALTER TABLE `e_p_funciones` DISABLE KEYS */;
/*!40000 ALTER TABLE `e_p_funciones` ENABLE KEYS */;
UNLOCK TABLES;

--
-- Table structure for table `empleados`
--

DROP TABLE IF EXISTS `empleados`;
/*!40101 SET @saved_cs_client     = @@character_set_client */;
/*!40101 SET character_set_client = utf8 */;
CREATE TABLE `empleados` (
  `id` bigint(20) unsigned NOT NULL AUTO_INCREMENT,
  `nombre` varchar(191) COLLATE utf8mb4_unicode_ci NOT NULL,
  `dui` varchar(191) COLLATE utf8mb4_unicode_ci NOT NULL,
  `nit` varchar(191) COLLATE utf8mb4_unicode_ci NOT NULL,
  `sexo` varchar(191) COLLATE utf8mb4_unicode_ci NOT NULL,
  `telefono_fijo` varchar(191) COLLATE utf8mb4_unicode_ci DEFAULT NULL,
  `email` varchar(191) COLLATE utf8mb4_unicode_ci NOT NULL,
  `celular` varchar(191) COLLATE utf8mb4_unicode_ci NOT NULL,
  `direccion` varchar(191) COLLATE utf8mb4_unicode_ci NOT NULL,
  `fecha_nacimiento` date NOT NULL,
  `num_cuenta` varchar(191) COLLATE utf8mb4_unicode_ci DEFAULT NULL,
  `num_contribuyente` varchar(191) COLLATE utf8mb4_unicode_ci DEFAULT NULL,
  `num_seguro_social` varchar(191) COLLATE utf8mb4_unicode_ci DEFAULT NULL,
  `num_afp` varchar(191) COLLATE utf8mb4_unicode_ci DEFAULT NULL,
  `estado` int(10) unsigned NOT NULL DEFAULT '1',
  `es_usuario` varchar(191) COLLATE utf8mb4_unicode_ci NOT NULL DEFAULT 'no',
  `created_at` timestamp NULL DEFAULT NULL,
  `updated_at` timestamp NULL DEFAULT NULL,
  `banco_id` bigint(20) unsigned DEFAULT NULL,
  `afp_codigo` varchar(191) COLLATE utf8mb4_unicode_ci DEFAULT NULL,
  `avatar` varchar(200) COLLATE utf8mb4_unicode_ci DEFAULT NULL,
  PRIMARY KEY (`id`),
  UNIQUE KEY `empleados_dui_unique` (`dui`),
  UNIQUE KEY `empleados_nit_unique` (`nit`),
  UNIQUE KEY `empleados_email_unique` (`email`),
  UNIQUE KEY `empleados_celular_unique` (`celular`),
  UNIQUE KEY `empleados_telefono_fijo_unique` (`telefono_fijo`),
  KEY `empleados_banco_id_foreign` (`banco_id`),
  KEY `empleados_afp_codigo_foreign` (`afp_codigo`),
  CONSTRAINT `empleados_afp_codigo_foreign` FOREIGN KEY (`afp_codigo`) REFERENCES `afps` (`codigo`),
  CONSTRAINT `empleados_banco_id_foreign` FOREIGN KEY (`banco_id`) REFERENCES `bancos` (`id`)
) ENGINE=InnoDB AUTO_INCREMENT=32 DEFAULT CHARSET=utf8mb4 COLLATE=utf8mb4_unicode_ci;
/*!40101 SET character_set_client = @saved_cs_client */;

--
-- Dumping data for table `empleados`
--

LOCK TABLES `empleados` WRITE;
/*!40000 ALTER TABLE `empleados` DISABLE KEYS */;
INSERT INTO `empleados` VALUES (1,'Mario René Cardoza','04392134-2','1001-031290-101-7','Másculino','2362-5930','mario_boyle@hotmail.com','7922-2094','Apastepeque, San Vicente','1990-12-03',NULL,NULL,'123456',NULL,1,'si','2019-06-19 15:36:41','2019-07-13 01:58:16',1,'20193725372300000023','avatar5.png'),(5,'María Lucia Huezo','87654765-7','5765-675655-875-7','Femenino','2282-2829','luci@hotmail.com','7987-9879','Barrio los angeles, calle a la laguna','2001-06-04','12345',NULL,'12345','1234',1,'si','2019-06-19 17:42:25','2019-06-27 18:14:36',2,'20193725372300000023','avatar3.png'),(6,'Aina Tórrez','85704612-0','1500-056179-794-6','Masculino','2690-8975','nahia28@yahoo.com','6453-9817','Praza Eric, 75, Ático 6º, 59320, L\' Verdugo','1997-01-27',NULL,'242-7','440450448','232907783226',1,'no','2019-06-26 14:40:51','2019-06-26 14:40:51',1,'20193725372300000023','avatar.jpg'),(7,'Ismael Posada','27202734-2','0194-002012-199-0','Femenino','2463-1057','anna82@sauceda.com','7677-6761','Passeig Nahia, 2, 49º 0º, 08239, Vall Henríquez','1979-11-08',NULL,'509-9','174328453','848277732362',1,'no','2019-06-26 14:40:51','2019-06-26 14:40:51',2,'20193725372300000023','avatar.jpg'),(8,'Alexia Gil','18333344-1','4808-515283-452-6','Masculino','2068-1030','ndelao@segura.es','7896-9045','Avenida Alba, 5, 7º A, 66736, L\' Terrazas del Puerto','1987-11-11',NULL,'657-6','734094649','381079433522',1,'no','2019-06-26 14:40:51','2019-06-26 14:40:51',1,'20193725372300000023','avatar.jpg'),(9,'Cristian Urbina','75934137-4','8284-348902-663-6','Femenino','2759-5116','cristian.miramontes@luis.com','7181-0830','Travesía Quintero, 39, 48º D, 03837, Los Mateo del Barco','1972-10-03','675484656524','144-0','420850898','904728994195',1,'no','2019-06-26 14:40:51','2019-10-08 15:59:11',3,'20193725372300000023','avatar.jpg'),(10,'Helena Oquendo','39737656-1','7377-541665-792-9','Masculino','2956-0484','hgamez@hotmail.es','7681-0442','Praza Casillas, 50, 78º D, 12607, Las Del Río','2016-01-22',NULL,'502-1','620783742','712071714907',1,'no','2019-06-26 14:40:51','2019-06-26 14:40:51',1,'20193725372300000023','avatar.jpg'),(11,'Lucía Bañuelos','15404151-1','4679-763885-857-3','Masculino','2805-8729','dllorente@jaquez.org','7239-4539','Plaza Escobar, 106, 6º D, 17337, Las Velázquez de Arriba','1991-10-11',NULL,'420-4','747012924','181543149999',1,'no','2019-06-26 14:40:51','2019-06-26 14:40:51',2,'20193725372300000023','avatar.jpg'),(12,'Carla Tejada','34848522-2','0557-200349-682-3','Masculino','2839-6190','jorge77@hotmail.com','6253-5429','Avenida Roberto, 10, 9º A, 02264, L\' Zayas del Penedès','2012-12-10',NULL,'280-0','330231311','336321753570',1,'no','2019-06-26 14:40:51','2019-06-26 14:40:51',1,'20193725372300000023','avatar.jpg'),(13,'Aina Sebastian','45696783-5','0217-229393-095-7','Masculino','2290-8456','erika.ozuna@deleon.com','6046-5990','Avinguda Trejo, 4, Entre suelo 9º, 75618, Valdivia del Pozo','2012-05-10','654333','101-8','805366613','258825721018',1,'no','2019-06-26 14:40:51','2020-03-07 23:53:56',1,'20193725372300000023','user6-128x128.jpg'),(14,'Claudia Laureano','67719172-6','2872-041682-283-4','Masculino','2237-6353','bnieto@live.com','7216-4653','Ronda Escamilla, 5, 94º B, 75378, Venegas de las Torres','2015-07-28',NULL,'794-6','104955623','967123694214',1,'no','2019-06-26 14:40:51','2019-06-26 14:40:51',1,'20193725372300000023','avatar.jpg'),(15,'Miguel Ángel Ulloa','32990940-9','4130-872874-050-6','Femenino','2561-9005','apodaca.javier@yahoo.com','6506-1620','Calle Díaz, 398, 7º E, 92760, As Gracia del Vallès','1995-11-26','12345678','085-2','422734021','341029641090',1,'no','2019-06-26 14:40:51','2019-06-26 15:08:13',3,'20193725372300000023','avatar.jpg'),(16,'Alexandra Antón','84296369-8','5265-487075-356-6','Masculino','2093-7200','noa40@delafuente.es','6433-6485','Passeig Erika, 18, 81º C, 84598, Roig de la Sierra','1995-08-06',NULL,'091-2','536821179','917759944431',1,'no','2019-06-26 14:40:51','2019-06-26 14:40:51',1,'20193725372300000023','avatar.jpg'),(17,'Iván Villareal','16110435-9','3394-671224-150-1','Femenino','2805-7684','robles.roberto@terra.com','6193-0057','Camiño Roberto, 9, Bajos, 34847, Os Lucio de la Sierra','1974-03-09',NULL,'695-8','759123687','291153508006',1,'no','2019-06-26 14:40:52','2019-06-26 14:40:52',2,'20193725372300000023','avatar.jpg'),(18,'Jan Delacrúz','34750265-7','7192-442905-618-5','Femenino','2967-8312','xrenteria@pichardo.es','7116-8397','Passeig Antonio, 855, 20º B, 05722, L\' Ocasio de Lemos','1982-04-14',NULL,'106-6','849595556','458510960451',1,'no','2019-06-26 14:40:52','2019-06-26 14:40:52',2,'20193725372300000023','avatar.jpg'),(19,'Francisco Valencia','30463317-2','4825-901886-648-6','Femenino','2774-2807','biel06@gmail.com','7733-0583','Carrer Rolón, 606, 0º E, 00053, Reina del Mirador','2015-04-06',NULL,'729-4','309165861','101045586152',1,'no','2019-06-26 14:40:52','2019-06-26 14:40:52',2,'20193725372300000023','avatar.jpg'),(20,'Juan Holguín','68100217-2','2421-049980-801-2','Femenino','2325-8101','carlos.zelaya@rubio.com.es','7457-3352','Avinguda Juan, 81, 78º A, 72360, A Carretero','2014-01-10',NULL,'570-5','853963447','132310289059',1,'no','2019-06-26 14:40:52','2019-06-26 14:40:52',1,'20193725372300000023','avatar.jpg'),(21,'Jimena Alfonso','50646245-9','9403-562575-980-1','Masculino','2247-1512','arnau.betancourt@laureano.com','6052-6744','Camiño Yago, 126, 7º D, 37532, Las Galván','2002-05-19',NULL,'726-2','657011187','605408827763',1,'no','2019-06-26 14:40:52','2019-06-26 14:40:52',1,'20193725372300000023','avatar.jpg'),(22,'Jana Gutiérrez','47018558-8','8175-895673-110-4','Masculino','2201-8093','rodrigo.villalba@yahoo.com','7351-1974','Camiño Jimínez, 4, 81º F, 93709, Carvajal del Puerto','1973-04-18',NULL,'911-2','609073295','684737898552',1,'no','2019-06-26 14:40:52','2019-06-26 14:40:52',1,'20193725372300000023','avatar.jpg'),(23,'Ainhoa Solano','38308810-3','2761-466907-596-5','Masculino','2943-2390','sergio.morales@godinez.com','7971-7644','Ruela Puente, 9, 2º 5º, 60011, Tirado del Penedès','1979-11-21',NULL,'002-2','503313377','380551493213',1,'no','2019-06-26 14:40:52','2019-06-26 14:40:52',1,'20193725372300000023','avatar.jpg'),(24,'Aitor Amaya','32544451-6','3233-799235-855-9','Femenino','2067-9995','sprieto@carbonell.org','6575-9247','Plaça Chavarría, 7, 45º B, 00451, Almanza de las Torres','2009-12-14',NULL,'623-4','300373771','173219215371',1,'no','2019-06-26 14:40:52','2019-06-26 14:40:52',2,'20193725372300000023','avatar.jpg'),(25,'Luna Holguín','07315425-9','4794-918271-455-4','Masculino','2697-3548','smendoza@murillo.es','6036-2770','Plaça Marco, 249, 1º E, 18779, Os Bustamante','1970-10-28',NULL,'792-4','292152389','665103092652',1,'no','2019-06-26 14:40:52','2019-06-26 14:40:52',2,'20193725372300000023','avatar.jpg'),(26,'Emilia Franco','09775356-7','1010-090870-001-2','Femenino','2334-5646','emily@hotmail.com','7897-8978','San Vicente','1970-08-09','987654',NULL,'6442342','765456',1,'no','2019-06-26 15:12:37','2019-06-26 15:13:15',4,'20193725372300000023','avatar.jpg'),(27,'Diana Portillo','04726726-2','1013-211092-101-3','Femenino','2287-2897','dya_re@hotmail.com','7219-6039','Verapaz','1992-10-21',NULL,NULL,NULL,NULL,1,'si','2019-06-27 22:22:26','2019-07-13 18:30:57',NULL,NULL,'avatar3.png'),(28,'Beatriz Aguirre','02712028-7','0107-090472-102-8','Femenino','2200-3030','beatrizaguirre@gmail.com','7070-3030','San Vicente','2001-10-01','0888000800008',NULL,'09090000677','9090000998',1,'no','2019-10-03 14:59:50','2019-10-03 15:21:13',3,'20194125410500000005',NULL),(29,'Diana Patricia Velasquez','09876547-8','9879-654645-777-9','Femenino','7464-5634','diana@correo.com','7546-3465','En verapaz','1995-10-11',NULL,NULL,NULL,NULL,1,'no','2019-10-04 16:43:48','2019-10-04 16:56:24',NULL,NULL,'62610821_2297790040476238_3364901345051017216_o.jpg'),(30,'René Huezo','04994830-9','1001-031290-101-3','Másculino','2342-3423','mariokr.rocker@gmail.com','4243-4234','Apastepeque','1990-12-03',NULL,NULL,NULL,NULL,1,'si','2019-10-07 20:24:21','2019-10-07 20:24:21',NULL,NULL,NULL),(31,'German Quezada','03778936-8','1039-203813-094-0','Másculino','7987-9879','german@correo.com','2425-5252','Monte san juan','1988-03-16',NULL,NULL,NULL,NULL,1,'si','2020-03-13 14:38:58','2020-03-13 14:38:58',NULL,NULL,'avatar.jpg');
/*!40000 ALTER TABLE `empleados` ENABLE KEYS */;
UNLOCK TABLES;

--
-- Table structure for table `especialistas`
--

DROP TABLE IF EXISTS `especialistas`;
/*!40101 SET @saved_cs_client     = @@character_set_client */;
/*!40101 SET character_set_client = utf8 */;
CREATE TABLE `especialistas` (
  `id` bigint(20) unsigned NOT NULL AUTO_INCREMENT,
  `nombre` varchar(191) COLLATE utf8mb4_unicode_ci NOT NULL,
  `dui` varchar(191) COLLATE utf8mb4_unicode_ci NOT NULL,
  `nit` varchar(191) COLLATE utf8mb4_unicode_ci NOT NULL,
  `sexo` varchar(191) COLLATE utf8mb4_unicode_ci NOT NULL,
  `telefono_fijo` varchar(191) COLLATE utf8mb4_unicode_ci DEFAULT NULL,
  `celular` varchar(191) COLLATE utf8mb4_unicode_ci NOT NULL,
  `email` varchar(191) COLLATE utf8mb4_unicode_ci NOT NULL,
  `direccion` varchar(191) COLLATE utf8mb4_unicode_ci NOT NULL,
  `estado` int(10) unsigned NOT NULL DEFAULT '1',
  `fecha_baja` date DEFAULT NULL,
  `motivo` varchar(191) COLLATE utf8mb4_unicode_ci DEFAULT NULL,
  `created_at` timestamp NULL DEFAULT NULL,
  `updated_at` timestamp NULL DEFAULT NULL,
  PRIMARY KEY (`id`)
) ENGINE=InnoDB DEFAULT CHARSET=utf8mb4 COLLATE=utf8mb4_unicode_ci;
/*!40101 SET character_set_client = @saved_cs_client */;

--
-- Dumping data for table `especialistas`
--

LOCK TABLES `especialistas` WRITE;
/*!40000 ALTER TABLE `especialistas` DISABLE KEYS */;
/*!40000 ALTER TABLE `especialistas` ENABLE KEYS */;
UNLOCK TABLES;

--
-- Table structure for table `factura_items`
--

DROP TABLE IF EXISTS `factura_items`;
/*!40101 SET @saved_cs_client     = @@character_set_client */;
/*!40101 SET character_set_client = utf8 */;
CREATE TABLE `factura_items` (
  `id` int(10) unsigned NOT NULL AUTO_INCREMENT,
  `factura_id` int(10) unsigned NOT NULL,
  `tipoinmueble_id` int(10) unsigned NOT NULL,
  `precio_servicio` double(8,2) NOT NULL,
  `estado` int(10) unsigned NOT NULL DEFAULT '1',
  `created_at` timestamp NULL DEFAULT NULL,
  `updated_at` timestamp NULL DEFAULT NULL,
  PRIMARY KEY (`id`),
  KEY `factura_items_factura_id_foreign` (`factura_id`),
  KEY `factura_items_tipoinmueble_id_foreign` (`tipoinmueble_id`),
  CONSTRAINT `factura_items_factura_id_foreign` FOREIGN KEY (`factura_id`) REFERENCES `facturas` (`id`),
  CONSTRAINT `factura_items_tipoinmueble_id_foreign` FOREIGN KEY (`tipoinmueble_id`) REFERENCES `inmueble_tipo_servicio` (`id`)
) ENGINE=InnoDB DEFAULT CHARSET=utf8mb4 COLLATE=utf8mb4_unicode_ci;
/*!40101 SET character_set_client = @saved_cs_client */;

--
-- Dumping data for table `factura_items`
--

LOCK TABLES `factura_items` WRITE;
/*!40000 ALTER TABLE `factura_items` DISABLE KEYS */;
/*!40000 ALTER TABLE `factura_items` ENABLE KEYS */;
UNLOCK TABLES;

--
-- Table structure for table `facturas`
--

DROP TABLE IF EXISTS `facturas`;
/*!40101 SET @saved_cs_client     = @@character_set_client */;
/*!40101 SET character_set_client = utf8 */;
CREATE TABLE `facturas` (
  `id` int(10) unsigned NOT NULL AUTO_INCREMENT,
  `mueble_id` bigint(20) unsigned NOT NULL,
  `codigo` varchar(191) COLLATE utf8mb4_unicode_ci NOT NULL,
  `mesYear` varchar(10) COLLATE utf8mb4_unicode_ci NOT NULL,
  `fechaVecimiento` date NOT NULL,
  `pagoTotal` double(8,2) NOT NULL,
  `estado` int(10) unsigned NOT NULL DEFAULT '1',
  `created_at` timestamp NULL DEFAULT NULL,
  `updated_at` timestamp NULL DEFAULT NULL,
  PRIMARY KEY (`id`),
  KEY `facturas_mueble_id_foreign` (`mueble_id`),
  CONSTRAINT `facturas_mueble_id_foreign` FOREIGN KEY (`mueble_id`) REFERENCES `inmuebles` (`id`)
) ENGINE=InnoDB DEFAULT CHARSET=utf8mb4 COLLATE=utf8mb4_unicode_ci;
/*!40101 SET character_set_client = @saved_cs_client */;

--
-- Dumping data for table `facturas`
--

LOCK TABLES `facturas` WRITE;
/*!40000 ALTER TABLE `facturas` DISABLE KEYS */;
/*!40000 ALTER TABLE `facturas` ENABLE KEYS */;
UNLOCK TABLES;

--
-- Table structure for table `fondocats`
--

DROP TABLE IF EXISTS `fondocats`;
/*!40101 SET @saved_cs_client     = @@character_set_client */;
/*!40101 SET character_set_client = utf8 */;
CREATE TABLE `fondocats` (
  `id` bigint(20) unsigned NOT NULL AUTO_INCREMENT,
  `categoria` varchar(191) COLLATE utf8mb4_unicode_ci NOT NULL,
  `created_at` timestamp NULL DEFAULT NULL,
  `updated_at` timestamp NULL DEFAULT NULL,
  `estado` bigint(20) NOT NULL DEFAULT '1',
  `fechabaja` date DEFAULT NULL,
  `motivo` varchar(191) COLLATE utf8mb4_unicode_ci DEFAULT NULL,
  PRIMARY KEY (`id`)
) ENGINE=InnoDB AUTO_INCREMENT=4 DEFAULT CHARSET=utf8mb4 COLLATE=utf8mb4_unicode_ci;
/*!40101 SET character_set_client = @saved_cs_client */;

--
-- Dumping data for table `fondocats`
--

LOCK TABLES `fondocats` WRITE;
/*!40000 ALTER TABLE `fondocats` DISABLE KEYS */;
INSERT INTO `fondocats` VALUES (1,'FODES','2019-06-19 20:21:37','2019-06-19 20:21:37',1,NULL,NULL),(2,'FISDL','2019-06-24 20:30:57','2019-06-24 20:30:57',1,NULL,NULL),(3,'PRESTAMOS','2019-06-24 20:36:40','2019-06-24 20:36:40',1,NULL,NULL);
/*!40000 ALTER TABLE `fondocats` ENABLE KEYS */;
UNLOCK TABLES;

--
-- Table structure for table `fondoorgs`
--

DROP TABLE IF EXISTS `fondoorgs`;
/*!40101 SET @saved_cs_client     = @@character_set_client */;
/*!40101 SET character_set_client = utf8 */;
CREATE TABLE `fondoorgs` (
  `id` bigint(20) unsigned NOT NULL AUTO_INCREMENT,
  `proyecto_id` bigint(20) unsigned NOT NULL,
  `organizacion_id` bigint(20) unsigned NOT NULL,
  `monto` double(8,2) NOT NULL,
  `created_at` timestamp NULL DEFAULT NULL,
  `updated_at` timestamp NULL DEFAULT NULL,
  PRIMARY KEY (`id`),
  KEY `fondoorgs_proyecto_id_foreign` (`proyecto_id`),
  KEY `fondoorgs_organizacion_id_foreign` (`organizacion_id`),
  CONSTRAINT `fondoorgs_organizacion_id_foreign` FOREIGN KEY (`organizacion_id`) REFERENCES `organizacions` (`id`),
  CONSTRAINT `fondoorgs_proyecto_id_foreign` FOREIGN KEY (`proyecto_id`) REFERENCES `proyectos` (`id`)
) ENGINE=InnoDB DEFAULT CHARSET=utf8mb4 COLLATE=utf8mb4_unicode_ci;
/*!40101 SET character_set_client = @saved_cs_client */;

--
-- Dumping data for table `fondoorgs`
--

LOCK TABLES `fondoorgs` WRITE;
/*!40000 ALTER TABLE `fondoorgs` DISABLE KEYS */;
/*!40000 ALTER TABLE `fondoorgs` ENABLE KEYS */;
UNLOCK TABLES;

--
-- Table structure for table `fondos`
--

DROP TABLE IF EXISTS `fondos`;
/*!40101 SET @saved_cs_client     = @@character_set_client */;
/*!40101 SET character_set_client = utf8 */;
CREATE TABLE `fondos` (
  `id` varchar(191) COLLATE utf8mb4_unicode_ci NOT NULL,
  `cuenta_id` bigint(20) unsigned NOT NULL,
  `proyecto_id` bigint(20) unsigned NOT NULL,
  `monto` double(8,2) NOT NULL,
  `created_at` timestamp NULL DEFAULT NULL,
  `updated_at` timestamp NULL DEFAULT NULL,
  `monto_disponible` double(8,2) DEFAULT NULL,
  PRIMARY KEY (`id`),
  KEY `fondos_cuenta_id_foreign` (`cuenta_id`),
  KEY `fondos_proyecto_id_foreign` (`proyecto_id`),
  CONSTRAINT `fondos_cuenta_id_foreign` FOREIGN KEY (`cuenta_id`) REFERENCES `cuentas` (`id`),
  CONSTRAINT `fondos_proyecto_id_foreign` FOREIGN KEY (`proyecto_id`) REFERENCES `proyectos` (`id`)
) ENGINE=InnoDB DEFAULT CHARSET=utf8mb4 COLLATE=utf8mb4_unicode_ci;
/*!40101 SET character_set_client = @saved_cs_client */;

--
-- Dumping data for table `fondos`
--

LOCK TABLES `fondos` WRITE;
/*!40000 ALTER TABLE `fondos` DISABLE KEYS */;
INSERT INTO `fondos` VALUES ('20190717071900000019-4',6,13,1000.00,'2019-10-17 16:07:19','2019-10-17 16:07:19',1000.00),('20195527552400000024-1',6,11,1000.00,'2019-09-27 15:55:24','2019-09-27 21:37:55',900.00),('20195527552400000024-2',8,11,2000.00,'2019-09-27 15:55:24','2019-09-27 15:55:24',2000.00),('20195914591300000013-3',6,12,40000.00,'2019-10-14 23:59:13','2019-12-26 16:37:02',36000.00),('20202523251600000016-6',6,15,5533.00,'2020-02-24 01:25:16','2020-02-24 01:25:16',5533.00),('20205910595300000053-5',6,14,51000.00,'2020-02-10 15:59:53','2020-02-10 15:59:53',51000.00);
/*!40000 ALTER TABLE `fondos` ENABLE KEYS */;
UNLOCK TABLES;

--
-- Table structure for table `formapagos`
--

DROP TABLE IF EXISTS `formapagos`;
/*!40101 SET @saved_cs_client     = @@character_set_client */;
/*!40101 SET character_set_client = utf8 */;
CREATE TABLE `formapagos` (
  `id` bigint(20) unsigned NOT NULL AUTO_INCREMENT,
  `nombre` varchar(191) COLLATE utf8mb4_unicode_ci NOT NULL,
  `estado` int(11) NOT NULL DEFAULT '1',
  `created_at` timestamp NULL DEFAULT NULL,
  `updated_at` timestamp NULL DEFAULT NULL,
  PRIMARY KEY (`id`)
) ENGINE=InnoDB AUTO_INCREMENT=7 DEFAULT CHARSET=utf8mb4 COLLATE=utf8mb4_unicode_ci;
/*!40101 SET character_set_client = @saved_cs_client */;

--
-- Dumping data for table `formapagos`
--

LOCK TABLES `formapagos` WRITE;
/*!40000 ALTER TABLE `formapagos` DISABLE KEYS */;
INSERT INTO `formapagos` VALUES (1,'Crédito 30 días',1,'2019-06-19 21:56:46','2019-08-03 22:37:51'),(2,'Crédito 45 días',1,'2019-10-15 00:26:10','2019-10-15 00:26:10'),(3,'Crédito 60 días',1,'2019-10-15 00:26:18','2019-10-15 00:26:18'),(4,'Crédito 90 días',1,'2019-10-15 00:26:26','2019-10-15 00:26:26'),(5,'Crédito 120 días',1,'2019-10-15 00:26:36','2019-10-15 00:26:36'),(6,'Contado',1,'2019-10-15 00:26:43','2019-10-15 00:26:43');
/*!40000 ALTER TABLE `formapagos` ENABLE KEYS */;
UNLOCK TABLES;

--
-- Table structure for table `giros`
--

DROP TABLE IF EXISTS `giros`;
/*!40101 SET @saved_cs_client     = @@character_set_client */;
/*!40101 SET character_set_client = utf8 */;
CREATE TABLE `giros` (
  `id` bigint(20) unsigned NOT NULL AUTO_INCREMENT,
  `nombre` varchar(191) COLLATE utf8mb4_unicode_ci NOT NULL,
  `estado` int(11) NOT NULL DEFAULT '1',
  `created_at` timestamp NULL DEFAULT NULL,
  `updated_at` timestamp NULL DEFAULT NULL,
  `fecha_baja` date DEFAULT NULL,
  `motivo` varchar(255) COLLATE utf8mb4_unicode_ci DEFAULT NULL,
  PRIMARY KEY (`id`)
) ENGINE=InnoDB AUTO_INCREMENT=6 DEFAULT CHARSET=utf8mb4 COLLATE=utf8mb4_unicode_ci;
/*!40101 SET character_set_client = @saved_cs_client */;

--
-- Dumping data for table `giros`
--

LOCK TABLES `giros` WRITE;
/*!40000 ALTER TABLE `giros` DISABLE KEYS */;
INSERT INTO `giros` VALUES (1,'Servicios',1,'2020-02-07 15:43:03','2020-02-10 14:13:23',NULL,NULL),(2,'Alimentos',1,'2020-02-07 15:44:06','2020-02-07 15:44:06',NULL,NULL),(3,'Materiales y suministros médicos',1,'2020-02-08 16:06:27','2020-02-10 14:35:51',NULL,''),(4,'Materiales de limpieza',1,'2020-02-08 16:06:51','2020-02-08 16:06:51',NULL,NULL),(5,'Muebles de oficina y estantería',1,'2020-02-08 16:07:09','2020-02-08 16:07:09',NULL,NULL);
/*!40000 ALTER TABLE `giros` ENABLE KEYS */;
UNLOCK TABLES;

--
-- Table structure for table `gmaps_geocache`
--

DROP TABLE IF EXISTS `gmaps_geocache`;
/*!40101 SET @saved_cs_client     = @@character_set_client */;
/*!40101 SET character_set_client = utf8 */;
CREATE TABLE `gmaps_geocache` (
  `id` int(10) unsigned NOT NULL AUTO_INCREMENT,
  `address` text COLLATE utf8mb4_unicode_ci NOT NULL,
  `latitude` varchar(191) COLLATE utf8mb4_unicode_ci NOT NULL,
  `longitude` varchar(191) COLLATE utf8mb4_unicode_ci NOT NULL,
  `created_at` timestamp NULL DEFAULT NULL,
  `updated_at` timestamp NULL DEFAULT NULL,
  PRIMARY KEY (`id`)
) ENGINE=InnoDB DEFAULT CHARSET=utf8mb4 COLLATE=utf8mb4_unicode_ci;
/*!40101 SET character_set_client = @saved_cs_client */;

--
-- Dumping data for table `gmaps_geocache`
--

LOCK TABLES `gmaps_geocache` WRITE;
/*!40000 ALTER TABLE `gmaps_geocache` DISABLE KEYS */;
/*!40000 ALTER TABLE `gmaps_geocache` ENABLE KEYS */;
UNLOCK TABLES;

--
-- Table structure for table `impuestos`
--

DROP TABLE IF EXISTS `impuestos`;
/*!40101 SET @saved_cs_client     = @@character_set_client */;
/*!40101 SET character_set_client = utf8 */;
CREATE TABLE `impuestos` (
  `id` bigint(20) unsigned NOT NULL AUTO_INCREMENT,
  `tiposervicio_id` bigint(20) unsigned NOT NULL,
  `impuesto` double(2,2) NOT NULL,
  `estado` int(11) NOT NULL DEFAULT '1',
  `motivo` varchar(191) COLLATE utf8mb4_unicode_ci DEFAULT NULL,
  `fechabaja` date DEFAULT NULL,
  `acuerdo` varchar(191) COLLATE utf8mb4_unicode_ci DEFAULT NULL,
  `created_at` timestamp NULL DEFAULT NULL,
  `updated_at` timestamp NULL DEFAULT NULL,
  PRIMARY KEY (`id`),
  KEY `impuestos_tiposervicio_id_foreign` (`tiposervicio_id`),
  CONSTRAINT `impuestos_tiposervicio_id_foreign` FOREIGN KEY (`tiposervicio_id`) REFERENCES `tiposervicios` (`id`)
) ENGINE=InnoDB DEFAULT CHARSET=utf8mb4 COLLATE=utf8mb4_unicode_ci;
/*!40101 SET character_set_client = @saved_cs_client */;

--
-- Dumping data for table `impuestos`
--

LOCK TABLES `impuestos` WRITE;
/*!40000 ALTER TABLE `impuestos` DISABLE KEYS */;
/*!40000 ALTER TABLE `impuestos` ENABLE KEYS */;
UNLOCK TABLES;

--
-- Table structure for table `indicadores_proyectos`
--

DROP TABLE IF EXISTS `indicadores_proyectos`;
/*!40101 SET @saved_cs_client     = @@character_set_client */;
/*!40101 SET character_set_client = utf8 */;
CREATE TABLE `indicadores_proyectos` (
  `id` varchar(191) COLLATE utf8mb4_unicode_ci NOT NULL,
  `nombre` varchar(191) COLLATE utf8mb4_unicode_ci NOT NULL,
  `porcentaje` float(8,2) NOT NULL,
  `descripcion` varchar(191) COLLATE utf8mb4_unicode_ci DEFAULT NULL,
  `estado` int(11) NOT NULL DEFAULT '1',
  `proyecto_id` bigint(20) unsigned NOT NULL,
  `created_at` timestamp NULL DEFAULT NULL,
  `updated_at` timestamp NULL DEFAULT NULL,
  PRIMARY KEY (`id`),
  KEY `indicadores_proyectos_proyectos_id_foreign` (`proyecto_id`),
  CONSTRAINT `indicadores_proyectos_proyectos_id_foreign` FOREIGN KEY (`proyecto_id`) REFERENCES `proyectos` (`id`)
) ENGINE=InnoDB DEFAULT CHARSET=utf8mb4 COLLATE=utf8mb4_unicode_ci;
/*!40101 SET character_set_client = @saved_cs_client */;

--
-- Dumping data for table `indicadores_proyectos`
--

LOCK TABLES `indicadores_proyectos` WRITE;
/*!40000 ALTER TABLE `indicadores_proyectos` DISABLE KEYS */;
INSERT INTO `indicadores_proyectos` VALUES ('20190327032500000025','El primero',20.00,'hjhjh',2,11,'2019-09-27 16:03:25','2019-10-03 16:41:39'),('20190903094200000042','Sexto avance',15.00,'nada',2,1,'2019-09-03 16:09:42','2019-09-16 20:44:57'),('20190911091400000014','Primer',50.00,'R',1,5,'2019-10-12 03:09:14','2019-10-12 03:09:14'),('20191824183700000037','Primer avance',10.00,'demuestra el primer avance',2,2,'2019-09-24 19:18:37','2019-09-24 19:20:05'),('20191826181200000012','Primer indicador',15.00,'el primero',2,8,'2019-09-26 15:18:12','2019-09-26 15:19:19'),('20191826184200000042','Segundo indicador',40.00,'el segundo',2,8,'2019-09-26 15:18:42','2019-10-09 14:58:36'),('20191826185500000055','Tercer indicador',40.00,'el tercero',2,8,'2019-09-26 15:18:55','2019-10-09 14:59:05'),('20191924190000000000','Segundo avance',25.00,'el segundo avance',2,2,'2019-09-24 19:19:00','2019-09-24 19:20:14'),('20191924191200000012','Tercer avance',35.00,'el tercero',2,2,'2019-09-24 19:19:12','2019-09-24 20:29:12'),('20191924192800000028','Cuardo avance',25.00,'el cuarto',1,2,'2019-09-24 19:19:28','2019-09-24 19:19:28'),('20191926191100000011','Cuarto avance',5.00,'el cuarto',2,8,'2019-09-26 15:19:11','2019-10-09 14:59:11'),('20192224224600000046','Quinto avance',5.00,'el quinto',1,2,'2019-09-24 20:22:46','2019-09-24 20:22:46'),('20192621262100000021','Primer avace',10.00,'prueba editado',2,1,'2019-06-21 18:26:21','2019-09-03 15:37:26'),('20193616364100000041','Inicio del proyecto',25.00,'Calle de Molineros',2,12,'2019-10-16 19:36:41','2019-10-16 19:37:05'),('20194103413600000036','El segundo',30.00,'gg',2,11,'2019-10-03 16:41:36','2019-10-03 16:41:48'),('20194308435600000056','Segunta etapa del proyecto',30.00,'la segunda',2,12,'2019-11-08 15:43:56','2019-11-08 15:45:02'),('20194408443000000030','Tercena etapa del proyecto',30.00,'la tercera',1,12,'2019-11-08 15:44:30','2019-11-08 15:44:30'),('20194408445500000055','Finalización',15.00,'el final',1,12,'2019-11-08 15:44:55','2019-11-08 15:44:55'),('20194521450500000005','Segundo avance',15.00,'Segundo g',2,1,'2019-06-21 21:45:05','2019-09-03 16:20:10'),('20194521451800000018','Tercer avance',20.00,'0',2,1,'2019-06-21 21:45:18','2019-09-16 20:43:10'),('20194521453200000032','Cuarto avance',30.00,'0',2,1,'2019-06-21 21:45:32','2019-09-16 20:44:48'),('20194521454700000047','Quinto avance',20.00,'0',2,1,'2019-06-21 21:45:47','2019-09-16 20:44:53'),('20195409540400000004','primera etapta',40.00,'f',2,7,'2019-10-09 19:54:04','2019-10-09 21:24:25'),('20195409541400000014','Segunda etapa',50.00,'s',2,7,'2019-10-09 19:54:14','2019-10-09 21:24:27'),('20195409543300000033','Tercera etapa',10.00,'t',2,7,'2019-10-09 19:54:33','2019-10-09 21:24:29'),('20195911594000000040','tecero',50.00,'rr',2,11,'2019-10-12 02:59:40','2019-10-12 02:59:50');
/*!40000 ALTER TABLE `indicadores_proyectos` ENABLE KEYS */;
UNLOCK TABLES;

--
-- Table structure for table `inmueble_tipo_servicio`
--

DROP TABLE IF EXISTS `inmueble_tipo_servicio`;
/*!40101 SET @saved_cs_client     = @@character_set_client */;
/*!40101 SET character_set_client = utf8 */;
CREATE TABLE `inmueble_tipo_servicio` (
  `id` int(10) unsigned NOT NULL AUTO_INCREMENT,
  `inmueble_id` bigint(20) unsigned DEFAULT NULL,
  `tiposervicio_id` bigint(20) unsigned DEFAULT NULL,
  `created_at` timestamp NULL DEFAULT NULL,
  `updated_at` timestamp NULL DEFAULT NULL,
  PRIMARY KEY (`id`),
  KEY `inmueble_tipo_servicio_inmueble_id_foreign` (`inmueble_id`),
  KEY `inmueble_tipo_servicio_tiposervicio_id_foreign` (`tiposervicio_id`),
  CONSTRAINT `inmueble_tipo_servicio_inmueble_id_foreign` FOREIGN KEY (`inmueble_id`) REFERENCES `inmuebles` (`id`),
  CONSTRAINT `inmueble_tipo_servicio_tiposervicio_id_foreign` FOREIGN KEY (`tiposervicio_id`) REFERENCES `tiposervicios` (`id`)
) ENGINE=InnoDB AUTO_INCREMENT=2 DEFAULT CHARSET=utf8mb4 COLLATE=utf8mb4_unicode_ci;
/*!40101 SET character_set_client = @saved_cs_client */;

--
-- Dumping data for table `inmueble_tipo_servicio`
--

LOCK TABLES `inmueble_tipo_servicio` WRITE;
/*!40000 ALTER TABLE `inmueble_tipo_servicio` DISABLE KEYS */;
INSERT INTO `inmueble_tipo_servicio` VALUES (1,1,1,'2020-03-13 17:08:18','2020-03-13 17:08:18');
/*!40000 ALTER TABLE `inmueble_tipo_servicio` ENABLE KEYS */;
UNLOCK TABLES;

--
-- Table structure for table `inmuebles`
--

DROP TABLE IF EXISTS `inmuebles`;
/*!40101 SET @saved_cs_client     = @@character_set_client */;
/*!40101 SET character_set_client = utf8 */;
CREATE TABLE `inmuebles` (
  `id` bigint(20) unsigned NOT NULL AUTO_INCREMENT,
  `numero_catastral` varchar(191) COLLATE utf8mb4_unicode_ci NOT NULL,
  `contribuyente_id` bigint(20) unsigned NOT NULL,
  `direccion_inmueble` varchar(191) COLLATE utf8mb4_unicode_ci NOT NULL,
  `ancho_inmueble` varchar(191) COLLATE utf8mb4_unicode_ci NOT NULL,
  `numero_escritura` varchar(191) COLLATE utf8mb4_unicode_ci NOT NULL,
  `metros_acera` int(11) NOT NULL,
  `created_at` timestamp NULL DEFAULT NULL,
  `updated_at` timestamp NULL DEFAULT NULL,
  `estado` tinyint(4) NOT NULL,
  `latitude` double(20,18) NOT NULL,
  `longitude` double(20,18) NOT NULL,
  `largo_inmueble` double DEFAULT NULL,
  PRIMARY KEY (`id`),
  KEY `inmuebles_contribuyente_id_foreign` (`contribuyente_id`),
  CONSTRAINT `inmuebles_contribuyente_id_foreign` FOREIGN KEY (`contribuyente_id`) REFERENCES `contribuyentes` (`id`)
) ENGINE=InnoDB AUTO_INCREMENT=2 DEFAULT CHARSET=utf8mb4 COLLATE=utf8mb4_unicode_ci;
/*!40101 SET character_set_client = @saved_cs_client */;

--
-- Dumping data for table `inmuebles`
--

LOCK TABLES `inmuebles` WRITE;
/*!40000 ALTER TABLE `inmuebles` DISABLE KEYS */;
INSERT INTO `inmuebles` VALUES (1,'235426',1,'4av norte 2av sur, Verapaz, El Salvador','8','ESC7878',8,'2020-03-13 15:14:03','2020-03-13 17:08:41',1,13.642948052449045000,-88.869838033065800000,6);
/*!40000 ALTER TABLE `inmuebles` ENABLE KEYS */;
UNLOCK TABLES;

--
-- Table structure for table `licitacion_bases`
--

DROP TABLE IF EXISTS `licitacion_bases`;
/*!40101 SET @saved_cs_client     = @@character_set_client */;
/*!40101 SET character_set_client = utf8 */;
CREATE TABLE `licitacion_bases` (
  `id` bigint(20) unsigned NOT NULL AUTO_INCREMENT,
  `archivo` varchar(191) COLLATE utf8mb4_unicode_ci NOT NULL,
  `estado` int(11) NOT NULL DEFAULT '1',
  `proyecto_id` bigint(20) unsigned NOT NULL,
  `created_at` timestamp NULL DEFAULT NULL,
  `updated_at` timestamp NULL DEFAULT NULL,
  PRIMARY KEY (`id`),
  KEY `licitacion_bases_proyecto_id_foreign` (`proyecto_id`),
  CONSTRAINT `licitacion_bases_proyecto_id_foreign` FOREIGN KEY (`proyecto_id`) REFERENCES `proyectos` (`id`)
) ENGINE=InnoDB AUTO_INCREMENT=2 DEFAULT CHARSET=utf8mb4 COLLATE=utf8mb4_unicode_ci;
/*!40101 SET character_set_client = @saved_cs_client */;

--
-- Dumping data for table `licitacion_bases`
--

LOCK TABLES `licitacion_bases` WRITE;
/*!40000 ALTER TABLE `licitacion_bases` DISABLE KEYS */;
INSERT INTO `licitacion_bases` VALUES (1,'Base de licitacion proyecto_Una licitacion para crearla_25-02-2020_10_21_26_am.pdf',1,14,'2020-02-25 16:21:26','2020-02-25 16:21:26');
/*!40000 ALTER TABLE `licitacion_bases` ENABLE KEYS */;
UNLOCK TABLES;

--
-- Table structure for table `licitacions`
--

DROP TABLE IF EXISTS `licitacions`;
/*!40101 SET @saved_cs_client     = @@character_set_client */;
/*!40101 SET character_set_client = utf8 */;
CREATE TABLE `licitacions` (
  `id` bigint(20) unsigned NOT NULL AUTO_INCREMENT,
  `created_at` timestamp NULL DEFAULT NULL,
  `updated_at` timestamp NULL DEFAULT NULL,
  `proyecto_id` bigint(20) unsigned NOT NULL,
  `proveedor_id` bigint(20) unsigned NOT NULL,
  `archivo` varchar(191) COLLATE utf8mb4_unicode_ci NOT NULL,
  `estado` tinyint(4) NOT NULL DEFAULT '0',
  PRIMARY KEY (`id`),
  KEY `licitacions_proyecto_id_foreign` (`proyecto_id`),
  KEY `licitacions_proveedor_id_foreign` (`proveedor_id`),
  CONSTRAINT `licitacions_proveedor_id_foreign` FOREIGN KEY (`proveedor_id`) REFERENCES `proveedors` (`id`),
  CONSTRAINT `licitacions_proyecto_id_foreign` FOREIGN KEY (`proyecto_id`) REFERENCES `proyectos` (`id`)
) ENGINE=InnoDB AUTO_INCREMENT=19 DEFAULT CHARSET=utf8mb4 COLLATE=utf8mb4_unicode_ci;
/*!40101 SET character_set_client = @saved_cs_client */;

--
-- Dumping data for table `licitacions`
--

LOCK TABLES `licitacions` WRITE;
/*!40000 ALTER TABLE `licitacions` DISABLE KEYS */;
INSERT INTO `licitacions` VALUES (10,'2020-02-20 20:09:11','2020-02-20 20:09:11',14,6,'Oferta_Kiarra Hills I_20200220020911.docx',0),(11,'2020-02-20 20:10:15','2020-02-20 20:10:15',14,32,'Oferta_Prof. Jarrod Shanahan MD_20200220021015.pdf',0),(12,'2020-02-20 20:11:02','2020-02-20 20:11:02',14,7,'Oferta_Oliver Davis_20200220021102.docx',0),(13,'2020-02-20 20:12:29','2020-02-20 20:12:29',14,10,'Oferta_Devyn Block_20200220021229.docx',0),(14,'2020-02-20 20:21:34','2020-02-20 20:21:34',14,30,'Oferta_Elaina Hauck Sr._20-02-2020_02_21_34_pm.docx',0),(15,'2020-02-20 20:34:12','2020-02-20 20:34:12',14,11,'Oferta_Ronaldo Runolfsson PhD_20-02-2020_02_34_12_pm.docx',0),(16,'2020-02-20 20:34:26','2020-02-20 20:34:26',14,19,'Oferta_Lyric Schiller I_20-02-2020_02_34_25_pm.docx',0),(17,'2020-02-21 17:42:14','2020-02-21 17:42:14',14,8,'Oferta_Orville Kuhlman II_21-02-2020_11_42_14_am.docx',0),(18,'2020-02-25 16:35:52','2020-02-25 16:35:52',14,12,'Oferta_Eugene Jacobson_25-02-2020_10_35_52_am.pdf',0);
/*!40000 ALTER TABLE `licitacions` ENABLE KEYS */;
UNLOCK TABLES;

--
-- Table structure for table `material_unidads`
--

DROP TABLE IF EXISTS `material_unidads`;
/*!40101 SET @saved_cs_client     = @@character_set_client */;
/*!40101 SET character_set_client = utf8 */;
CREATE TABLE `material_unidads` (
  `id` varchar(191) COLLATE utf8mb4_unicode_ci NOT NULL,
  `presupuestounidad_id` bigint(20) unsigned NOT NULL,
  `estado` int(11) NOT NULL DEFAULT '1',
  `created_at` timestamp NULL DEFAULT NULL,
  `updated_at` timestamp NULL DEFAULT NULL,
  `material_id` varchar(191) COLLATE utf8mb4_unicode_ci NOT NULL,
  PRIMARY KEY (`id`)
) ENGINE=InnoDB DEFAULT CHARSET=utf8mb4 COLLATE=utf8mb4_unicode_ci;
/*!40101 SET character_set_client = @saved_cs_client */;

--
-- Dumping data for table `material_unidads`
--

LOCK TABLES `material_unidads` WRITE;
/*!40000 ALTER TABLE `material_unidads` DISABLE KEYS */;
INSERT INTO `material_unidads` VALUES ('20201702171400000014-22',27,1,'2020-03-02 15:17:14','2020-03-02 15:17:14','20200322030300000003'),('20203127310800000008-15',23,2,'2020-01-27 15:31:08','2020-01-27 18:06:26','20203727374400000044'),('20203127310800000008-16',23,1,'2020-01-27 15:31:08','2020-01-27 15:31:08','20203727374400000044'),('20203127311600000016-17',24,2,'2020-01-27 15:31:16','2020-01-27 18:06:26','20203727372800000028'),('20203127314900000049-18',25,2,'2020-01-27 15:31:49','2020-01-28 16:01:30','20200322030300000003'),('20203127314900000049-19',25,1,'2020-01-27 15:31:49','2020-01-27 15:31:49','20200322030300000003'),('20203227321000000010-20',26,1,'2020-01-27 15:32:10','2020-01-27 15:32:10','20200322034900000049'),('20203227321000000010-21',26,1,'2020-01-27 15:32:10','2020-01-27 15:32:10','20200322034900000049'),('20203527352300000023-0',21,2,'2020-01-27 14:35:23','2020-01-27 18:06:26','20200822083500000035'),('20203527352400000024-1',21,2,'2020-01-27 14:35:24','2020-01-27 18:06:26','20200822083500000035'),('20203527352400000024-2',21,2,'2020-01-27 14:35:24','2020-01-27 18:06:26','20200822083500000035'),('20203527352400000024-3',21,2,'2020-01-27 14:35:24','2020-01-27 18:06:26','20200822083500000035'),('20203527352400000024-4',21,2,'2020-01-27 14:35:24','2020-01-28 16:01:01','20200822083500000035'),('20203527352400000024-5',21,1,'2020-01-27 14:35:24','2020-01-27 14:35:24','20200822083500000035'),('20203527352400000024-6',21,1,'2020-01-27 14:35:24','2020-01-27 14:35:24','20200822083500000035'),('20203527352400000024-7',21,1,'2020-01-27 14:35:24','2020-01-27 14:35:24','20200822083500000035'),('20203527352400000024-8',21,1,'2020-01-27 14:35:24','2020-01-27 14:35:24','20200822083500000035'),('20203527352400000024-9',21,1,'2020-01-27 14:35:24','2020-01-27 14:35:24','20200822083500000035'),('20203527354700000047-10',22,1,'2020-01-27 14:35:47','2020-01-27 14:35:47','20200922090300000003'),('20203527354700000047-11',22,1,'2020-01-27 14:35:47','2020-01-27 14:35:47','20200922090300000003'),('20203527354700000047-12',22,1,'2020-01-27 14:35:47','2020-01-27 14:35:47','20200922090300000003'),('20203527354700000047-13',22,1,'2020-01-27 14:35:47','2020-01-27 14:35:47','20200922090300000003'),('20203527354700000047-14',22,1,'2020-01-27 14:35:47','2020-01-27 14:35:47','20200922090300000003');
/*!40000 ALTER TABLE `material_unidads` ENABLE KEYS */;
UNLOCK TABLES;

--
-- Table structure for table `materiales`
--

DROP TABLE IF EXISTS `materiales`;
/*!40101 SET @saved_cs_client     = @@character_set_client */;
/*!40101 SET character_set_client = utf8 */;
CREATE TABLE `materiales` (
  `id` varchar(191) COLLATE utf8mb4_unicode_ci NOT NULL,
  `nombre` varchar(191) COLLATE utf8mb4_unicode_ci NOT NULL,
  `categoria_id` varchar(191) COLLATE utf8mb4_unicode_ci NOT NULL,
  `unidad_id` varchar(191) COLLATE utf8mb4_unicode_ci NOT NULL,
  `estado` int(11) NOT NULL DEFAULT '1',
  `created_at` timestamp NULL DEFAULT NULL,
  `updated_at` timestamp NULL DEFAULT NULL,
  `servicio` tinyint(4) DEFAULT NULL,
  PRIMARY KEY (`id`)
) ENGINE=InnoDB DEFAULT CHARSET=utf8mb4 COLLATE=utf8mb4_unicode_ci;
/*!40101 SET character_set_client = @saved_cs_client */;

--
-- Dumping data for table `materiales`
--

LOCK TABLES `materiales` WRITE;
/*!40000 ALTER TABLE `materiales` DISABLE KEYS */;
INSERT INTO `materiales` VALUES ('20200322030300000003','Orquesta musical','5','15',1,'2020-01-22 15:03:03','2020-02-10 15:08:05',1),('20200322034900000049','Discomovil','7','14',1,'2020-01-22 15:03:49','2020-01-22 15:03:49',1),('20200822083500000035','Papel bond t/ carta','3','7',1,'2020-01-22 15:08:35','2020-01-22 15:08:35',0),('20200922090300000003','papel bond t/ oficio','3','7',1,'2020-01-22 15:09:03','2020-01-22 15:09:03',0),('20202322230100000001','Cafe molido','4','1',1,'2020-01-22 15:23:01','2020-01-22 15:23:01',0),('20202627263500000035','Discoteca','7','15',1,'2020-01-27 15:26:35','2020-01-27 15:26:35',1),('20203727372800000028','Lapicero negro','10','4',1,'2020-01-27 14:37:28','2020-01-27 15:25:40',0),('20203727374400000044','Lapicero azul','10','4',1,'2020-01-27 14:37:44','2020-01-27 15:25:53',0),('20205327534800000048','Evento de Belleza','6','14',1,'2020-01-27 14:53:48','2020-01-27 14:53:48',1);
/*!40000 ALTER TABLE `materiales` ENABLE KEYS */;
UNLOCK TABLES;

--
-- Table structure for table `migrations`
--

DROP TABLE IF EXISTS `migrations`;
/*!40101 SET @saved_cs_client     = @@character_set_client */;
/*!40101 SET character_set_client = utf8 */;
CREATE TABLE `migrations` (
  `id` int(10) unsigned NOT NULL AUTO_INCREMENT,
  `migration` varchar(191) COLLATE utf8mb4_unicode_ci NOT NULL,
  `batch` int(11) NOT NULL,
  PRIMARY KEY (`id`)
) ENGINE=InnoDB AUTO_INCREMENT=236 DEFAULT CHARSET=utf8mb4 COLLATE=utf8mb4_unicode_ci;
/*!40101 SET character_set_client = @saved_cs_client */;

--
-- Dumping data for table `migrations`
--

LOCK TABLES `migrations` WRITE;
/*!40000 ALTER TABLE `migrations` DISABLE KEYS */;
INSERT INTO `migrations` VALUES (1,'2013_09_11_104511_create_empleados_table',1),(2,'2014_10_12_000000_create_users_table',1),(3,'2014_10_12_100000_create_password_resets_table',1),(4,'2017_06_05_105604_create_cargos_table',1),(5,'2017_09_06_134122_create_proveedors_table',1),(6,'2017_09_11_093258_create_tipocontratos_table',1),(7,'2017_09_11_152905_create_contratos_table',1),(8,'2017_09_11_194559_create_bitacoras_table',1),(9,'2017_10_11_113504_create_contribuyentes_table',1),(10,'2017_10_18_101023_create_organizacions_table',1),(11,'2017_10_18_105504_create_proyectos_table',1),(12,'2017_11_01_084839_create_rubros_table',1),(13,'2017_11_01_084959_create_tiposervicios_table',1),(14,'2017_11_01_111613_create_impuestos_table',1),(15,'2017_11_08_092815_create_inmuebles_table',1),(16,'2017_11_09_115227_create_presupuestos_table',1),(17,'2017_11_10_124137_create_cotizacions_table',1),(18,'2017_11_10_143305_create_ordencompras_table',1),(19,'2017_11_10_144042_create_detallecotizacions_table',1),(20,'2017_11_13_115302_create_presupuestodetalles_table',1),(21,'2017_11_14_101809_create_licitacions_table',1),(22,'2017_11_14_141355_create_formapagos_table',1),(23,'2017_11_15_105253_create_solicitudcotizacions_table',1),(24,'2017_11_17_112256_create_paacs_table',1),(25,'2017_11_17_112537_create_paacdetalles_table',1),(26,'2017_11_23_101048_create_negocios_table',1),(27,'2017_11_27_143030_create_procedimiento_paac',1),(28,'2017_12_17_084158_create_cuentaproys_table',1),(29,'2017_12_18_090915_create_tipopagos_table',1),(30,'2017_12_18_102015_create_cuentas_table',1),(31,'2017_12_18_111430_create_pagos_table',1),(32,'2017_12_18_153515_create_cuentaprincipals_table',1),(33,'2017_12_22_135809_create_retencions_table',1),(34,'2017_12_22_151201_create_planillas_table',1),(35,'2018_01_04_110425_create_construccions_table',1),(36,'2018_01_05_111054_add_cuenta_id-to_cuentas',1),(37,'2018_01_05_140241_create_prestamos_table',1),(38,'2018_02_03_165427_add_columns_negocios',1),(39,'2018_02_05_191729_create_fondocats_table',1),(40,'2018_02_05_195655_create_fondos_table',1),(41,'2018_02_14_090742_create_fondoorgs_table',1),(42,'2018_02_15_131020_create_tipocobros_table',1),(43,'2018_02_16_114954_add-colums-detallepresu',1),(44,'2018_02_19_143311_create_unidads_table',1),(45,'2018_02_20_163033_create_presupuestounidads_table',1),(46,'2018_02_20_163259_create_presupuestounidaddetalles_table',1),(47,'2018_02_21_135327_add-column-bolean',1),(48,'2018_02_22_134451_create_calendarizacions_table',1),(49,'2018_02_27_100627_create_correosolicituds_table',1),(50,'2018_03_01_101115_add_arguments_to_cotizacions_table',1),(51,'2018_03_01_101258_add_arguments_to_detallecotizacions_table',1),(52,'2018_03_13_152230_add_campos_to_ordencompras',1),(53,'2018_03_17_130500_create_categorias_table',1),(54,'2018_03_17_140107_create_catalogos_table',1),(55,'2018_03_18_125126_add_catalogo_id_to_presupuestodetalles',1),(56,'2018_03_20_084050_update_cotizacions_table_foreign',1),(57,'2018_03_20_090518_update_solicitudcotizacions_table_foreign',1),(58,'2018_03_26_101005_add_campos_darbaja_to_proyectos',1),(59,'2018_03_26_141408_add_estado_to_ordencompras',1),(60,'2018_04_09_101517_add_estado_y_otros_to_solicitudcotizacions',1),(61,'2018_04_14_133406_add_campos_to__contratos',1),(62,'2018_04_16_110307_add_numero_solicitud_a_solicitudcotizaciones',1),(63,'2018_04_18_091404_create_presupuesto_solicituds_table',1),(64,'2018_04_18_112747_cambiar_presupuesto_id_por_presupuestosolicitud_id_a_cotizacion',1),(65,'2018_04_20_084256_agregar_estado_y_categoria_id_a_presupuestos',1),(66,'2018_04_23_082345_cambiar_presupuesto_por_presu_a_presupuestos',1),(67,'2018_04_23_083536_cambiar_presupuesto_por_presu_a_proyectos',1),(68,'2018_04_26_103455_create_proyecto_inventarios_table',1),(69,'2018_05_08_085107_create_unidad_medidas_table',1),(70,'2018_05_11_154313_create_bitacora_proyectos_table',1),(71,'2018_05_16_094329_agregar_categoria_id_a_catalogos_table',1),(72,'2018_05_31_142842_create_configuracions_table',1),(73,'2018_06_05_140910_add_estado_to_categorias_table',1),(74,'2018_06_05_164055_add_estado_to_catalogos_table',1),(75,'2018_06_19_140614_create_contrato_proyectos_table',1),(76,'2018_06_20_140531_create_contratacion_proyectos_table',1),(77,'2018_06_20_141848_create_e_p_funciones_table',1),(78,'2018_06_22_163106_add_contribuyentes_to_pagos',1),(79,'2018_06_28_093436_add_oficio_to_proveedores_table',1),(80,'2018_06_28_112710_add_responsable_to_contratoproyectos_table',1),(81,'2018_06_28_123329_add_dui_to_configuracions_table',1),(82,'2018_07_06_090731_create_contrato_suministros_table',1),(83,'2018_07_30_142613_delete_column_from_contratostable',1),(84,'2018_07_31_176700_create_categoria_trabajos_table',1),(85,'2018_08_01_132846_create_categoria_empleados_table',1),(86,'2018_08_10_131415_add_estado_fondocats_table',1),(87,'2018_08_23_082646_create_requisiciones_table',1),(88,'2018_08_23_083243_create_requisiciondetalles_table',1),(89,'2018_08_23_115622_agregar_tipo_solicitud',1),(90,'2018_08_26_133906_create_roles_table',1),(91,'2018_08_26_134227_create_role_user_table',1),(92,'2018_09_03_105039_agregar_dui_a_proveedors',1),(93,'2018_09_05_143049_add_estado_to_cargos_table',1),(94,'2018_09_05_143705_add_estado_to_categoriatrabajos_table',1),(95,'2018_09_05_143901_add_estado_to_categoriaempleados_table',1),(96,'2018_09_10_003750_add_estado_to_cuentaprincipals',1),(97,'2018_10_16_104635_create_rentas_table',1),(98,'2018_10_16_141847_cambio_retenciones',1),(99,'2018_10_22_085921_create_detalleplanillas_table',1),(100,'2018_11_07_093751_cambio_prestamo',1),(101,'2018_11_07_113752_create_materiales_table',1),(102,'2018_11_16_084627_add_monto_desarrollo_to_proyectos_table',1),(103,'2018_11_21_091833_create_datoplanillas_table',1),(104,'2018_11_21_093620_cambio_planilla',1),(105,'2018_11_22_165420_borrar_campos_planilla',1),(106,'2018_11_26_092036_create_bancos_table',1),(107,'2018_11_26_100243_create_especialistas_table',1),(108,'2018_11_27_101437_cambio_banco',1),(109,'2019_05_28_205612_create_indicadores_proyectos_table',1),(110,'2018_12_05_184243_add_planillas_renta',2),(111,'2019_06_19_160533_add_retenciones_tipo',2),(112,'2019_06_20_195236_cambios_datosplanillas',2),(113,'2019_06_23_160433_cambio_prestamos_banco',2),(114,'2019_06_24_150256_add_banco_id_to_empleados',3),(115,'2019_06_25_090624_create_afps_table',3),(116,'2019_06_25_094316_add_afp_id_to_empleados',4),(117,'2019_06_25_175423_add_contratos_id_cargo',5),(123,'2018_07_20_062907_inmueble_tipo_servicio',6),(124,'2018_10_28_143610_factura',6),(125,'2018_10_28_145437_factura_items',6),(126,'2019_01_04_212858_add_estado_negocio',6),(127,'2019_01_18_221936_update_columns_negocios',6),(129,'2019_06_28_084129_create_requisiciones_table',7),(130,'2019_06_28_084500_create_requisiciondetalles_table',7),(131,'2019_07_01_100306_add_unidad_id_to_requisiciones',8),(132,'2019_07_03_105755_create_prestamotipos_table',9),(133,'2019_07_03_105953_add_otros_campos_to_prestamos',10),(135,'2019_07_04_093447_add_fecha_inicio_to_detalleplanillas',11),(136,'2019_07_05_090255_create_materiales_table',12),(137,'2019_07_11_084846_add_materiale_id_to_requisiciondetalles',13),(138,'2019_07_12_083811_add_nombre_archivo_a_requisiciones',14),(142,'2019_07_13_105133_create_paacs_table',15),(143,'2019_07_13_105612_create_paacdetalles_table',15),(144,'2019_07_07_102220_create_column_costo',16),(147,'2019_07_07_104745_create_column_inmueble',17),(148,'2019_07_17_102833_add_user_id_to_presupuestounidad',17),(149,'2019_07_17_141416_add_material_id_to_presu_detalle',18),(150,'2019_07_20_215310_add_activida_to_presupuestodetalle',19),(151,'2019_07_22_110844_create_solicitudcotizaciondetalles_table',20),(152,'2019_07_22_143936_add_estado_to_requisiciondetalles',20),(153,'2019_08_12_085158_add_limites_proyectos_to_configuraciones',21),(155,'2019_08_12_113736_add_codigo_to_proyectos',22),(161,'2019_08_16_085901_create_contrato_requisiciones_table',23),(162,'2019_08_19_093921_edit_cuentas_table',24),(164,'2019_08_20_084556_create_cuenta_detalles_table',25),(165,'2019_08_20_102122_agregar_fuente_financiamiento_requisiciones',26),(166,'2019_08_27_135653_add_fecha_actividad_a_requisiciones',27),(167,'2019_08_29_093313_agregar_material_id_a_detallecotizacion',28),(168,'2019_08_29_145023_add_motivobaja_a_requisiciones',29),(169,'2019_08_29_150601_create_vacacions_table',30),(171,'2019_08_30_140855_create_material_unidads_table',31),(172,'2019_09_02_134719_add_estado_to_paacs',32),(173,'2019_09_02_144911_create_gmaps_geocache_table',33),(179,'2019_09_16_130851_edit_contrato_proyectos',34),(180,'2019_09_18_085210_editar_foraneas_de_los_presupuestos',34),(187,'2019_09_18_132256_add_pago_vacaion',35),(188,'2019_09_23_114404_agregar_anio_a_proyectos',35),(189,'2019_09_27_091022_agregar_descripcion_a_cuentas',36),(191,'2019_09_27_092257_editar_fondos',37),(192,'2019_09_27_100619_editar_cuentaproys',38),(193,'2019_09_27_133235_create_cuentaproy_detalles_table',39),(194,'2019_10_01_082646_create_desembolsos_table',40),(195,'2019_10_04_120054_agregar_proyecto_id_a_detalleplanillas',41),(196,'2019_10_05_085606_agregar_proyecto_id_a_datoplanilla',42),(197,'2019_10_07_090222_add_campos_a_user',43),(198,'2019_10_07_111958_agregar_campos_a_detalleplanillas',44),(200,'2019_10_08_085903_create_categoria_descuentos_table',45),(201,'2019_10_08_095344_create_descuentos_table',45),(202,'2019_10_09_091109_create_proyecto_actas_table',46),(203,'2019_10_12_103804_create_cat_cargos_table',47),(204,'2019_10_12_104518_agregar_catcargo_id_a_cargos',47),(205,'2019_10_17_132359_create_periodo_proyectos_table',48),(206,'2019_10_10_170701_create_table_cementerios',49),(207,'2019_10_10_171601_create_cementerios_posiciones_table',49),(208,'2019_10_19_102015_create_cargo_proyectos_table',50),(209,'2019_10_24_083615_create_proyecto_empleados_table',51),(210,'2019_11_03_153508_create_proyecto_planillas_table',52),(211,'2019_11_07_112931_create_pago_cuentas_table',53),(212,'2019_11_21_143346_create_servicios_table',54),(218,'2019_12_04_173429_create_servicios_pagos_table',55),(219,'2019_12_26_102820_agregar_n_cuerdo_a_cuentaproydetalle',55),(220,'2019_12_26_110011_agregar_siservicio_a_materiales',56),(221,'2020_01_12_153551_agregar_info_a_cuentas',57),(223,'2020_01_27_142531_create_paac_categorias_table',58),(224,'2020_01_27_142911_editar_paacs',58),(225,'2020_01_28_094905_agregar_campo_renta_a_desembolsos',59),(226,'2020_01_28_102235_agregar_campo_conpresupuesto_a_requisi',60),(227,'2020_02_07_090418_create_giros_table',61),(228,'2020_02_07_092615_agregar_giro_id_a_proveedores',61),(229,'2020_02_10_100252_editar_calendarizaciones_para_proyectos',62),(230,'2020_02_20_083156_editar_tabla_licitaciones',63),(231,'2020_02_23_215641_create_pago_rentas_table',64),(232,'2020_02_24_001203_add_desembolso_id',64),(233,'2020_02_25_101732_create_licitacion_bases_table',65),(234,'2020_03_01_194025_create_porcentajes_table',66),(235,'2020_03_03_101844_cambiar_prestamo_id_por_prestamos_float_a_planillas',67);
/*!40000 ALTER TABLE `migrations` ENABLE KEYS */;
UNLOCK TABLES;

--
-- Table structure for table `negocios`
--

DROP TABLE IF EXISTS `negocios`;
/*!40101 SET @saved_cs_client     = @@character_set_client */;
/*!40101 SET character_set_client = utf8 */;
CREATE TABLE `negocios` (
  `id` bigint(20) unsigned NOT NULL AUTO_INCREMENT,
  `contribuyente_id` bigint(20) unsigned NOT NULL,
  `direccion` varchar(191) COLLATE utf8mb4_unicode_ci NOT NULL,
  `rubro_id` bigint(20) unsigned NOT NULL,
  `created_at` timestamp NULL DEFAULT NULL,
  `updated_at` timestamp NULL DEFAULT NULL,
  `nombre` varchar(50) COLLATE utf8mb4_unicode_ci DEFAULT NULL,
  `lat` double(8,2) NOT NULL DEFAULT '0.00',
  `lng` double(8,2) NOT NULL DEFAULT '0.00',
  `estado` int(11) NOT NULL DEFAULT '1',
  `capital` double DEFAULT NULL,
  PRIMARY KEY (`id`),
  KEY `negocios_rubro_id_foreign` (`rubro_id`),
  KEY `negocios_contribuyente_id_foreign` (`contribuyente_id`),
  CONSTRAINT `negocios_contribuyente_id_foreign` FOREIGN KEY (`contribuyente_id`) REFERENCES `contribuyentes` (`id`),
  CONSTRAINT `negocios_rubro_id_foreign` FOREIGN KEY (`rubro_id`) REFERENCES `rubros` (`id`)
) ENGINE=InnoDB AUTO_INCREMENT=2 DEFAULT CHARSET=utf8mb4 COLLATE=utf8mb4_unicode_ci;
/*!40101 SET character_set_client = @saved_cs_client */;

--
-- Dumping data for table `negocios`
--

LOCK TABLES `negocios` WRITE;
/*!40000 ALTER TABLE `negocios` DISABLE KEYS */;
INSERT INTO `negocios` VALUES (1,1,'Av Benjamin Molina, Verapaz, El Salvador',1,'2020-03-13 15:16:24','2020-03-13 15:16:24','Tienda concepcion',13.65,-88.87,1,200);
/*!40000 ALTER TABLE `negocios` ENABLE KEYS */;
UNLOCK TABLES;

--
-- Table structure for table `ordencompras`
--

DROP TABLE IF EXISTS `ordencompras`;
/*!40101 SET @saved_cs_client     = @@character_set_client */;
/*!40101 SET character_set_client = utf8 */;
CREATE TABLE `ordencompras` (
  `id` bigint(20) unsigned NOT NULL AUTO_INCREMENT,
  `created_at` timestamp NULL DEFAULT NULL,
  `updated_at` timestamp NULL DEFAULT NULL,
  `cotizacion_id` bigint(20) unsigned NOT NULL,
  `numero_orden` varchar(191) COLLATE utf8mb4_unicode_ci NOT NULL,
  `observaciones` varchar(191) COLLATE utf8mb4_unicode_ci NOT NULL,
  `fecha_inicio` date NOT NULL,
  `fecha_fin` date DEFAULT NULL,
  `direccion_entrega` varchar(191) COLLATE utf8mb4_unicode_ci NOT NULL,
  `adminorden` varchar(191) COLLATE utf8mb4_unicode_ci NOT NULL,
  `estado` int(11) NOT NULL DEFAULT '1',
  PRIMARY KEY (`id`),
  KEY `ordencompras_cotizacion_id_foreign` (`cotizacion_id`),
  CONSTRAINT `ordencompras_cotizacion_id_foreign` FOREIGN KEY (`cotizacion_id`) REFERENCES `cotizacions` (`id`)
) ENGINE=InnoDB AUTO_INCREMENT=60 DEFAULT CHARSET=utf8mb4 COLLATE=utf8mb4_unicode_ci;
/*!40101 SET character_set_client = @saved_cs_client */;

--
-- Dumping data for table `ordencompras`
--

LOCK TABLES `ordencompras` WRITE;
/*!40000 ALTER TABLE `ordencompras` DISABLE KEYS */;
INSERT INTO `ordencompras` VALUES (53,'2020-01-27 18:24:46','2020-01-27 18:24:46',94,'001-2020','ninguna','2020-01-28','2020-01-29','En la alcaldia municipal','Diana Portillo',1),(54,'2020-01-28 16:03:24','2020-01-28 16:03:24',97,'002-2020','ninguna','2020-02-10','2020-02-11','en parque municipal de verapaz','Diana Portillo',1),(55,'2020-01-28 16:07:35','2020-01-28 16:07:35',96,'003-2020','ninguna','2020-02-10','2020-02-11','En l alcalda','Diana Portillo',1),(58,'2020-02-24 14:41:07','2020-02-24 14:41:07',100,'004-2020','ninguna','2020-02-24','2020-02-26','En la alcladia','María Lucia Huezo',1),(59,'2020-02-24 15:27:35','2020-02-24 15:27:35',99,'005-2020','ninguna','2020-02-24','2020-02-25','en la alcaldia','Diana Portillo',1);
/*!40000 ALTER TABLE `ordencompras` ENABLE KEYS */;
UNLOCK TABLES;

--
-- Table structure for table `organizacions`
--

DROP TABLE IF EXISTS `organizacions`;
/*!40101 SET @saved_cs_client     = @@character_set_client */;
/*!40101 SET character_set_client = utf8 */;
CREATE TABLE `organizacions` (
  `id` bigint(20) unsigned NOT NULL AUTO_INCREMENT,
  `nombre_org` varchar(191) COLLATE utf8mb4_unicode_ci NOT NULL,
  `direccion_org` varchar(191) COLLATE utf8mb4_unicode_ci NOT NULL,
  `telefono_org` varchar(191) COLLATE utf8mb4_unicode_ci NOT NULL,
  `representante_org` varchar(191) COLLATE utf8mb4_unicode_ci NOT NULL,
  `tel_representante_org` varchar(191) COLLATE utf8mb4_unicode_ci NOT NULL,
  `created_at` timestamp NULL DEFAULT NULL,
  `updated_at` timestamp NULL DEFAULT NULL,
  PRIMARY KEY (`id`)
) ENGINE=InnoDB DEFAULT CHARSET=utf8mb4 COLLATE=utf8mb4_unicode_ci;
/*!40101 SET character_set_client = @saved_cs_client */;

--
-- Dumping data for table `organizacions`
--

LOCK TABLES `organizacions` WRITE;
/*!40000 ALTER TABLE `organizacions` DISABLE KEYS */;
/*!40000 ALTER TABLE `organizacions` ENABLE KEYS */;
UNLOCK TABLES;

--
-- Table structure for table `paac_categorias`
--

DROP TABLE IF EXISTS `paac_categorias`;
/*!40101 SET @saved_cs_client     = @@character_set_client */;
/*!40101 SET character_set_client = utf8 */;
CREATE TABLE `paac_categorias` (
  `id` bigint(20) unsigned NOT NULL AUTO_INCREMENT,
  `nombre` varchar(191) COLLATE utf8mb4_unicode_ci NOT NULL,
  `created_at` timestamp NULL DEFAULT NULL,
  `updated_at` timestamp NULL DEFAULT NULL,
  `estado` tinyint(4) DEFAULT '1',
  PRIMARY KEY (`id`)
) ENGINE=InnoDB AUTO_INCREMENT=5 DEFAULT CHARSET=utf8mb4 COLLATE=utf8mb4_unicode_ci;
/*!40101 SET character_set_client = @saved_cs_client */;

--
-- Dumping data for table `paac_categorias`
--

LOCK TABLES `paac_categorias` WRITE;
/*!40000 ALTER TABLE `paac_categorias` DISABLE KEYS */;
INSERT INTO `paac_categorias` VALUES (1,'Gasto corriente FODES 25%',NULL,NULL,1),(2,'Gasto corriente FODES 75%',NULL,NULL,1),(3,'Financiación propia',NULL,'2020-01-27 21:45:21',1),(4,'no sirve','2020-01-27 21:42:48','2020-01-27 21:58:24',2);
/*!40000 ALTER TABLE `paac_categorias` ENABLE KEYS */;
UNLOCK TABLES;

--
-- Table structure for table `paacdetalles`
--

DROP TABLE IF EXISTS `paacdetalles`;
/*!40101 SET @saved_cs_client     = @@character_set_client */;
/*!40101 SET character_set_client = utf8 */;
CREATE TABLE `paacdetalles` (
  `id` varchar(191) COLLATE utf8mb4_unicode_ci NOT NULL,
  `obra` varchar(191) COLLATE utf8mb4_unicode_ci NOT NULL,
  `paac_id` varchar(191) COLLATE utf8mb4_unicode_ci NOT NULL,
  `enero` double(8,2) NOT NULL DEFAULT '0.00',
  `febrero` double(8,2) NOT NULL DEFAULT '0.00',
  `marzo` double(8,2) NOT NULL DEFAULT '0.00',
  `abril` double(8,2) NOT NULL DEFAULT '0.00',
  `mayo` double(8,2) NOT NULL DEFAULT '0.00',
  `junio` double(8,2) NOT NULL DEFAULT '0.00',
  `julio` double(8,2) NOT NULL DEFAULT '0.00',
  `agosto` double(8,2) NOT NULL DEFAULT '0.00',
  `septiembre` double(8,2) NOT NULL DEFAULT '0.00',
  `octubre` double(8,2) NOT NULL DEFAULT '0.00',
  `noviembre` double(8,2) NOT NULL DEFAULT '0.00',
  `diciembre` double(8,2) NOT NULL DEFAULT '0.00',
  `subtotal` double(8,2) NOT NULL DEFAULT '0.00',
  KEY `paac_id` (`paac_id`),
  CONSTRAINT `paacdetalles_ibfk_1` FOREIGN KEY (`paac_id`) REFERENCES `paacs` (`id`)
) ENGINE=InnoDB DEFAULT CHARSET=utf8mb4 COLLATE=utf8mb4_unicode_ci;
/*!40101 SET character_set_client = @saved_cs_client */;

--
-- Dumping data for table `paacdetalles`
--

LOCK TABLES `paacdetalles` WRITE;
/*!40000 ALTER TABLE `paacdetalles` DISABLE KEYS */;
INSERT INTO `paacdetalles` VALUES ('20193513350300000003-0','papeleria','20193813381400000014',0.00,100.00,0.00,1000.00,0.00,0.00,0.00,0.00,0.00,0.00,0.00,100.00,1200.00),('20194415440000000000-2','Materiales de oficina','20193813381400000014',100.00,0.00,0.00,100.00,100.00,100.00,0.00,0.00,100.00,0.00,0.00,100.00,600.00),('20194815483100000031-2','Cafe, agua, bebidas','20193813381400000014',100.00,0.00,0.00,0.00,0.00,100.00,0.00,100.00,0.00,0.00,0.00,100.00,400.00),('20194915495300000053-4','Selladores, engrapadores','20193813381400000014',200.00,0.00,100.00,0.00,0.00,0.00,0.00,100.00,0.00,0.00,0.00,250.56,650.56),('20195115515900000059-4','otros gastos','20193813381400000014',100.00,0.00,0.00,0.00,0.00,0.00,0.00,0.00,0.00,0.00,100.00,100.00,300.00),('20195216524000000040-5','Materiales de ferretería','20195216520400000004',2000.00,0.00,100.00,1000.00,0.00,300.00,0.00,0.00,0.00,0.00,200.00,0.00,3600.00),('20190222022700000027-6','Papel bond','20193813381400000014',20.15,20.00,20.00,20.00,20.00,20.00,40.00,20.00,40.30,20.00,20.00,0.00,260.45),('20190602061800000018-7','Probando','20190316033500000035',199.00,0.00,0.00,0.00,0.00,0.00,0.00,0.00,0.00,0.00,0.00,0.00,199.00),('20201227123000000030-8','Materiales de oficina','20200627062900000029',550.00,0.00,0.00,300.00,0.00,0.00,500.00,0.00,0.00,400.00,0.00,0.00,1750.00);
/*!40000 ALTER TABLE `paacdetalles` ENABLE KEYS */;
UNLOCK TABLES;

--
-- Table structure for table `paacs`
--

DROP TABLE IF EXISTS `paacs`;
/*!40101 SET @saved_cs_client     = @@character_set_client */;
/*!40101 SET character_set_client = utf8 */;
CREATE TABLE `paacs` (
  `id` varchar(191) COLLATE utf8mb4_unicode_ci NOT NULL,
  `anio` int(11) NOT NULL,
  `total` double(8,2) NOT NULL,
  `created_at` timestamp NULL DEFAULT NULL,
  `updated_at` timestamp NULL DEFAULT NULL,
  `estado` int(11) NOT NULL DEFAULT '1',
  `fecha_baja` date DEFAULT NULL,
  `motivo_baja` varchar(191) COLLATE utf8mb4_unicode_ci DEFAULT NULL,
  `paaccategoria_id` bigint(20) unsigned DEFAULT NULL,
  KEY `id` (`id`),
  KEY `paacs_paaccategoria_id_foreign` (`paaccategoria_id`),
  CONSTRAINT `paacs_paaccategoria_id_foreign` FOREIGN KEY (`paaccategoria_id`) REFERENCES `paac_categorias` (`id`)
) ENGINE=InnoDB DEFAULT CHARSET=utf8mb4 COLLATE=utf8mb4_unicode_ci;
/*!40101 SET character_set_client = @saved_cs_client */;

--
-- Dumping data for table `paacs`
--

LOCK TABLES `paacs` WRITE;
/*!40000 ALTER TABLE `paacs` DISABLE KEYS */;
INSERT INTO `paacs` VALUES ('20193813381400000014',2019,3411.01,'2019-07-13 17:38:14','2019-09-02 19:55:36',3,NULL,NULL,1),('20195216520400000004',2019,3600.00,'2019-07-16 16:52:04','2019-09-02 20:05:17',3,NULL,NULL,2),('20190316033500000035',2019,199.00,'2019-07-16 17:03:35','2019-09-02 20:06:22',3,NULL,NULL,3),('20200627062900000029',2020,1750.00,'2020-01-27 21:06:29','2020-01-27 21:12:30',1,NULL,NULL,1);
/*!40000 ALTER TABLE `paacs` ENABLE KEYS */;
UNLOCK TABLES;

--
-- Table structure for table `pago_cuentas`
--

DROP TABLE IF EXISTS `pago_cuentas`;
/*!40101 SET @saved_cs_client     = @@character_set_client */;
/*!40101 SET character_set_client = utf8 */;
CREATE TABLE `pago_cuentas` (
  `id` bigint(20) unsigned NOT NULL AUTO_INCREMENT,
  `nombre` varchar(191) COLLATE utf8mb4_unicode_ci NOT NULL,
  `nit` varchar(191) COLLATE utf8mb4_unicode_ci NOT NULL,
  `dui` varchar(191) COLLATE utf8mb4_unicode_ci DEFAULT NULL,
  `concepto` varchar(191) COLLATE utf8mb4_unicode_ci NOT NULL,
  `direccion` varchar(191) COLLATE utf8mb4_unicode_ci NOT NULL,
  `pago` double(8,2) NOT NULL,
  `renta` double(8,2) NOT NULL,
  `liquido` double(8,2) NOT NULL,
  `estado` int(11) NOT NULL DEFAULT '1',
  `created_at` timestamp NULL DEFAULT NULL,
  `updated_at` timestamp NULL DEFAULT NULL,
  `catorcena_id` varchar(255) COLLATE utf8mb4_unicode_ci DEFAULT NULL,
  PRIMARY KEY (`id`)
) ENGINE=InnoDB AUTO_INCREMENT=64 DEFAULT CHARSET=utf8mb4 COLLATE=utf8mb4_unicode_ci;
/*!40101 SET character_set_client = @saved_cs_client */;

--
-- Dumping data for table `pago_cuentas`
--

LOCK TABLES `pago_cuentas` WRITE;
/*!40000 ALTER TABLE `pago_cuentas` DISABLE KEYS */;
INSERT INTO `pago_cuentas` VALUES (37,'Miguel Ángel Ulloa','4130-872874-050-6','32990940-9','Pago por servicios','Calle Díaz, 398, 7º E, 92760, As Gracia del Vallès',112.00,11.20,100.80,1,'2019-11-20 22:43:08','2019-11-20 22:43:08','20190517052100000021'),(38,'Aitor Amaya','3233-799235-855-9','32544451-6','Pago por servicios','Plaça Chavarría, 7, 45º B, 00451, Almanza de las Torres',70.00,7.00,63.00,1,'2019-11-20 22:43:08','2019-11-20 22:43:08','20190517052100000021'),(39,'Ainhoa Solano','2761-466907-596-5','38308810-3','Pago por servicios','Ruela Puente, 9, 2º 5º, 60011, Tirado del Penedès',70.00,7.00,63.00,1,'2019-11-20 22:43:08','2019-11-20 22:43:08','20190517052100000021'),(40,'Beatriz Aguirre','0107-090472-102-8','02712028-7','Pago por servicios','San Vicente',70.00,7.00,63.00,1,'2019-11-20 22:43:08','2019-11-20 22:43:08','20190517052100000021'),(41,'Francisco Valencia','4825-901886-648-6','30463317-2','Pago por servicios','Carrer Rolón, 606, 0º E, 00053, Reina del Mirador',70.00,7.00,63.00,1,'2019-11-20 22:43:08','2019-11-20 22:43:08','20190517052100000021'),(42,'Diana Patricia Velasquez','9879-654645-777-9','09876547-8','Pago por servicios','En verapaz',98.00,9.80,88.20,1,'2019-11-20 22:43:08','2019-11-20 22:43:08','20190517052100000021'),(43,'Miguel Ángel Ulloa','4130-872874-050-6','32990940-9','Pago por servicios','Calle Díaz, 398, 7º E, 92760, As Gracia del Vallès',112.00,11.20,100.80,1,'2019-11-20 22:44:03','2019-11-20 22:44:03','20192507255600000056'),(44,'Aitor Amaya','3233-799235-855-9','32544451-6','Pago por servicios','Plaça Chavarría, 7, 45º B, 00451, Almanza de las Torres',60.00,6.00,54.00,1,'2019-11-20 22:44:03','2019-11-20 22:44:03','20192507255600000056'),(45,'Ainhoa Solano','2761-466907-596-5','38308810-3','Pago por servicios','Ruela Puente, 9, 2º 5º, 60011, Tirado del Penedès',70.00,7.00,63.00,1,'2019-11-20 22:44:03','2019-11-20 22:44:03','20192507255600000056'),(46,'Beatriz Aguirre','0107-090472-102-8','02712028-7','Pago por servicios','San Vicente',50.00,5.00,45.00,1,'2019-11-20 22:44:03','2019-11-20 22:44:03','20192507255600000056'),(47,'Francisco Valencia','4825-901886-648-6','30463317-2','Pago por servicios','Carrer Rolón, 606, 0º E, 00053, Reina del Mirador',70.00,7.00,63.00,1,'2019-11-20 22:44:03','2019-11-20 22:44:03','20192507255600000056'),(48,'Diana Patricia Velasquez','9879-654645-777-9','09876547-8','Pago por servicios','En verapaz',98.00,9.80,88.20,1,'2019-11-20 22:44:03','2019-11-20 22:44:03','20192507255600000056'),(49,'Miguel Ángel Ulloa','4130-872874-050-6','32990940-9','Pago por servicios','Calle Díaz, 398, 7º E, 92760, As Gracia del Vallès',112.00,11.20,100.80,1,'2019-12-06 14:43:24','2019-12-06 14:43:24','20195408544200000042'),(50,'Beatriz Aguirre','0107-090472-102-8','02712028-7','Pago por servicios','San Vicente',70.00,7.00,63.00,1,'2019-12-06 14:43:24','2019-12-06 14:43:24','20195408544200000042'),(51,'Francisco Valencia','4825-901886-648-6','30463317-2','Pago por servicios','Carrer Rolón, 606, 0º E, 00053, Reina del Mirador',50.00,5.00,45.00,1,'2019-12-06 14:43:24','2019-12-06 14:43:24','20195408544200000042'),(52,'Aitor Amaya','3233-799235-855-9','32544451-6','Pago por servicios','Plaça Chavarría, 7, 45º B, 00451, Almanza de las Torres',70.00,7.00,63.00,1,'2019-12-06 14:43:24','2019-12-06 14:43:24','20195408544200000042'),(53,'Diana Patricia Velasquez','9879-654645-777-9','09876547-8','Pago por servicios','En verapaz',98.00,9.80,88.20,1,'2019-12-06 14:43:24','2019-12-06 14:43:24','20195408544200000042'),(54,'Miguel Ángel Ulloa','4130-872874-050-6','32990940-9','Pago por servicios','Calle Díaz, 398, 7º E, 92760, As Gracia del Vallès',112.00,11.20,100.80,1,'2019-12-06 14:45:57','2019-12-06 14:45:57','20193406344400000044'),(55,'Beatriz Aguirre','0107-090472-102-8','02712028-7','Pago por servicios','San Vicente',70.00,7.00,63.00,1,'2019-12-06 14:45:57','2019-12-06 14:45:57','20193406344400000044'),(56,'Francisco Valencia','4825-901886-648-6','30463317-2','Pago por servicios','Carrer Rolón, 606, 0º E, 00053, Reina del Mirador',70.00,7.00,63.00,1,'2019-12-06 14:45:57','2019-12-06 14:45:57','20193406344400000044'),(57,'Aitor Amaya','3233-799235-855-9','32544451-6','Pago por servicios','Plaça Chavarría, 7, 45º B, 00451, Almanza de las Torres',70.00,7.00,63.00,1,'2019-12-06 14:45:57','2019-12-06 14:45:57','20193406344400000044'),(58,'Diana Patricia Velasquez','9879-654645-777-9','09876547-8','Pago por servicios','En verapaz',70.00,7.00,63.00,1,'2019-12-06 14:45:57','2019-12-06 14:45:57','20193406344400000044'),(59,'Miguel Ángel Ulloa','4130-872874-050-6','32990940-9','Pago por servicios','Calle Díaz, 398, 7º E, 92760, As Gracia del Vallès',112.00,11.20,100.80,1,'2020-02-21 19:44:02','2020-02-21 19:44:02','20192908295700000057'),(60,'Beatriz Aguirre','0107-090472-102-8','02712028-7','Pago por servicios','San Vicente',55.00,5.50,49.50,1,'2020-02-21 19:44:02','2020-02-21 19:44:02','20192908295700000057'),(61,'Francisco Valencia','4825-901886-648-6','30463317-2','Pago por servicios','Carrer Rolón, 606, 0º E, 00053, Reina del Mirador',70.00,7.00,63.00,1,'2020-02-21 19:44:02','2020-02-21 19:44:02','20192908295700000057'),(62,'Aitor Amaya','3233-799235-855-9','32544451-6','Pago por servicios','Plaça Chavarría, 7, 45º B, 00451, Almanza de las Torres',70.00,7.00,63.00,1,'2020-02-21 19:44:02','2020-02-21 19:44:02','20192908295700000057'),(63,'Diana Patricia Velasquez','9879-654645-777-9','09876547-8','Pago por servicios','En verapaz',98.00,9.80,88.20,1,'2020-02-21 19:44:02','2020-02-21 19:44:02','20192908295700000057');
/*!40000 ALTER TABLE `pago_cuentas` ENABLE KEYS */;
UNLOCK TABLES;

--
-- Table structure for table `pago_rentas`
--

DROP TABLE IF EXISTS `pago_rentas`;
/*!40101 SET @saved_cs_client     = @@character_set_client */;
/*!40101 SET character_set_client = utf8 */;
CREATE TABLE `pago_rentas` (
  `id` bigint(20) unsigned NOT NULL AUTO_INCREMENT,
  `nombre` varchar(191) COLLATE utf8mb4_unicode_ci NOT NULL,
  `dui` varchar(191) COLLATE utf8mb4_unicode_ci DEFAULT NULL,
  `nit` varchar(191) COLLATE utf8mb4_unicode_ci NOT NULL,
  `total` double(8,2) NOT NULL,
  `renta` double(8,2) NOT NULL,
  `liquido` double(8,2) NOT NULL,
  `concepto` text COLLATE utf8mb4_unicode_ci NOT NULL,
  `estado` int(11) NOT NULL DEFAULT '1',
  `fecha_orden` date DEFAULT NULL,
  `fecha_pago` datetime DEFAULT NULL,
  `created_at` timestamp NULL DEFAULT NULL,
  `updated_at` timestamp NULL DEFAULT NULL,
  `desembolso_id` varchar(191) COLLATE utf8mb4_unicode_ci DEFAULT NULL,
  PRIMARY KEY (`id`)
) ENGINE=InnoDB AUTO_INCREMENT=2 DEFAULT CHARSET=utf8mb4 COLLATE=utf8mb4_unicode_ci;
/*!40101 SET character_set_client = @saved_cs_client */;

--
-- Dumping data for table `pago_rentas`
--

LOCK TABLES `pago_rentas` WRITE;
/*!40000 ALTER TABLE `pago_rentas` DISABLE KEYS */;
INSERT INTO `pago_rentas` VALUES (1,'Oliver Davis',NULL,'760-114798-929-1',3600.00,400.00,3200.00,'Pago de renta de Orden de Compra',2,NULL,NULL,'2020-02-24 14:41:07','2020-02-24 14:45:08','20204124410700000007');
/*!40000 ALTER TABLE `pago_rentas` ENABLE KEYS */;
UNLOCK TABLES;

--
-- Table structure for table `pagos`
--

DROP TABLE IF EXISTS `pagos`;
/*!40101 SET @saved_cs_client     = @@character_set_client */;
/*!40101 SET character_set_client = utf8 */;
CREATE TABLE `pagos` (
  `id` bigint(20) unsigned NOT NULL AUTO_INCREMENT,
  `tipopago_id` bigint(20) unsigned NOT NULL,
  `cuenta_id` bigint(20) unsigned NOT NULL,
  `monto` double(8,2) NOT NULL,
  `num_factura` int(11) NOT NULL,
  `created_at` timestamp NULL DEFAULT NULL,
  `updated_at` timestamp NULL DEFAULT NULL,
  `contribuyente_id` bigint(20) unsigned NOT NULL,
  `estado` bigint(20) unsigned NOT NULL DEFAULT '1',
  `motivobaja` varchar(191) COLLATE utf8mb4_unicode_ci DEFAULT NULL,
  `fechabaja` date DEFAULT NULL,
  PRIMARY KEY (`id`),
  KEY `pagos_tipopago_id_foreign` (`tipopago_id`),
  KEY `pagos_cuenta_id_foreign` (`cuenta_id`),
  KEY `pagos_contribuyente_id_foreign` (`contribuyente_id`),
  CONSTRAINT `pagos_contribuyente_id_foreign` FOREIGN KEY (`contribuyente_id`) REFERENCES `contribuyentes` (`id`),
  CONSTRAINT `pagos_cuenta_id_foreign` FOREIGN KEY (`cuenta_id`) REFERENCES `cuentaproys` (`id`),
  CONSTRAINT `pagos_tipopago_id_foreign` FOREIGN KEY (`tipopago_id`) REFERENCES `tipopagos` (`id`)
) ENGINE=InnoDB DEFAULT CHARSET=utf8mb4 COLLATE=utf8mb4_unicode_ci;
/*!40101 SET character_set_client = @saved_cs_client */;

--
-- Dumping data for table `pagos`
--

LOCK TABLES `pagos` WRITE;
/*!40000 ALTER TABLE `pagos` DISABLE KEYS */;
/*!40000 ALTER TABLE `pagos` ENABLE KEYS */;
UNLOCK TABLES;

--
-- Table structure for table `password_resets`
--

DROP TABLE IF EXISTS `password_resets`;
/*!40101 SET @saved_cs_client     = @@character_set_client */;
/*!40101 SET character_set_client = utf8 */;
CREATE TABLE `password_resets` (
  `email` varchar(191) COLLATE utf8mb4_unicode_ci NOT NULL,
  `token` varchar(191) COLLATE utf8mb4_unicode_ci NOT NULL,
  `created_at` timestamp NULL DEFAULT NULL,
  KEY `password_resets_email_index` (`email`)
) ENGINE=InnoDB DEFAULT CHARSET=utf8mb4 COLLATE=utf8mb4_unicode_ci;
/*!40101 SET character_set_client = @saved_cs_client */;

--
-- Dumping data for table `password_resets`
--

LOCK TABLES `password_resets` WRITE;
/*!40000 ALTER TABLE `password_resets` DISABLE KEYS */;
/*!40000 ALTER TABLE `password_resets` ENABLE KEYS */;
UNLOCK TABLES;

--
-- Table structure for table `periodo_proyectos`
--

DROP TABLE IF EXISTS `periodo_proyectos`;
/*!40101 SET @saved_cs_client     = @@character_set_client */;
/*!40101 SET character_set_client = utf8 */;
CREATE TABLE `periodo_proyectos` (
  `id` varchar(191) COLLATE utf8mb4_unicode_ci NOT NULL,
  `fecha_inicio` date NOT NULL,
  `fecha_fin` date NOT NULL,
  `estado` int(11) NOT NULL DEFAULT '1',
  `proyecto_id` bigint(20) unsigned NOT NULL,
  `created_at` timestamp NULL DEFAULT NULL,
  `updated_at` timestamp NULL DEFAULT NULL,
  PRIMARY KEY (`id`),
  KEY `periodo_proyectos_proyecto_id_foreign` (`proyecto_id`),
  CONSTRAINT `periodo_proyectos_proyecto_id_foreign` FOREIGN KEY (`proyecto_id`) REFERENCES `proyectos` (`id`)
) ENGINE=InnoDB DEFAULT CHARSET=utf8mb4 COLLATE=utf8mb4_unicode_ci;
/*!40101 SET character_set_client = @saved_cs_client */;

--
-- Dumping data for table `periodo_proyectos`
--

LOCK TABLES `periodo_proyectos` WRITE;
/*!40000 ALTER TABLE `periodo_proyectos` DISABLE KEYS */;
INSERT INTO `periodo_proyectos` VALUES ('20190517052100000021','2019-10-21','2019-11-02',4,12,'2019-10-17 20:05:21','2019-11-20 22:43:08'),('20192507255600000056','2019-11-11','2019-11-23',4,12,'2019-11-07 17:25:56','2019-11-20 22:44:03'),('20192908295700000057','2019-12-02','2019-12-13',4,12,'2019-11-08 16:29:57','2020-02-21 19:44:02'),('20193406344400000044','2019-12-14','2019-12-27',4,12,'2019-12-06 14:34:44','2019-12-06 14:45:57'),('20195408544200000042','2019-11-18','2019-11-30',4,12,'2019-11-08 15:54:42','2019-12-06 14:43:24');
/*!40000 ALTER TABLE `periodo_proyectos` ENABLE KEYS */;
UNLOCK TABLES;

--
-- Table structure for table `planillas`
--

DROP TABLE IF EXISTS `planillas`;
/*!40101 SET @saved_cs_client     = @@character_set_client */;
/*!40101 SET character_set_client = utf8 */;
CREATE TABLE `planillas` (
  `id` bigint(20) unsigned NOT NULL AUTO_INCREMENT,
  `empleado_id` bigint(20) unsigned NOT NULL,
  `estado` int(11) NOT NULL DEFAULT '1',
  `created_at` timestamp NULL DEFAULT NULL,
  `updated_at` timestamp NULL DEFAULT NULL,
  `datoplanilla_id` bigint(20) unsigned NOT NULL,
  `renta` double(8,2) NOT NULL,
  `issse` double(8,2) NOT NULL,
  `isssp` double(8,2) NOT NULL,
  `afpe` double(8,2) NOT NULL,
  `afpp` double(8,2) NOT NULL,
  `insaforpp` double(8,2) NOT NULL,
  `prestamos` double(8,2) DEFAULT NULL,
  `descuentos` double(8,2) DEFAULT NULL,
  PRIMARY KEY (`id`),
  KEY `planillas_empleado_id_foreign` (`empleado_id`),
  KEY `planillas_datoplanilla_id_foreign` (`datoplanilla_id`),
  CONSTRAINT `planillas_datoplanilla_id_foreign` FOREIGN KEY (`datoplanilla_id`) REFERENCES `datoplanillas` (`id`),
  CONSTRAINT `planillas_empleado_id_foreign` FOREIGN KEY (`empleado_id`) REFERENCES `empleados` (`id`)
) ENGINE=InnoDB AUTO_INCREMENT=120 DEFAULT CHARSET=utf8mb4 COLLATE=utf8mb4_unicode_ci;
/*!40101 SET character_set_client = @saved_cs_client */;

--
-- Dumping data for table `planillas`
--

LOCK TABLES `planillas` WRITE;
/*!40000 ALTER TABLE `planillas` DISABLE KEYS */;
INSERT INTO `planillas` VALUES (43,12,0,'2019-07-03 15:19:28','2019-07-03 15:19:28',6,0.00,12.00,30.00,29.00,31.00,4.00,0.00,0.00),(44,27,0,'2019-07-03 15:19:29','2019-07-03 15:19:29',6,0.00,10.50,26.25,25.38,27.13,3.50,0.00,0.00),(45,13,0,'2019-09-30 16:33:13','2019-09-30 16:33:13',7,0.00,10.50,26.25,25.38,27.13,3.50,0.00,0.00),(46,12,0,'2019-09-30 16:33:13','2019-09-30 16:33:13',7,0.00,12.00,30.00,29.00,31.00,4.00,0.00,0.00),(47,9,0,'2019-09-30 16:33:13','2019-09-30 16:33:13',7,0.00,12.00,30.00,29.00,31.00,4.00,0.00,0.00),(48,27,0,'2019-09-30 16:33:13','2019-09-30 16:33:13',7,0.00,10.50,26.25,25.38,27.13,3.50,0.00,0.00),(49,26,0,'2019-09-30 16:33:13','2019-09-30 16:33:13',7,0.00,10.50,26.25,25.38,27.13,3.50,0.00,0.00),(68,13,0,'2020-03-03 16:44:43','2020-03-03 16:44:43',12,0.00,10.50,26.25,25.38,27.13,3.50,27.00,NULL),(69,6,0,'2020-03-03 16:44:43','2020-03-03 16:44:43',12,0.00,12.00,30.00,29.00,31.00,4.00,NULL,NULL),(70,12,0,'2020-03-03 16:44:43','2020-03-03 16:44:43',12,0.00,12.00,30.00,29.00,31.00,4.00,NULL,NULL),(71,9,0,'2020-03-03 16:44:43','2020-03-03 16:44:43',12,0.00,12.00,30.00,29.00,31.00,4.00,NULL,20.00),(72,27,0,'2020-03-03 16:44:43','2020-03-03 16:44:43',12,0.00,10.50,26.25,25.38,27.13,3.50,15.00,NULL),(73,26,0,'2020-03-03 16:44:43','2020-03-03 16:44:43',12,0.00,10.50,26.25,25.38,27.13,3.50,NULL,NULL),(74,5,0,'2020-03-03 16:44:43','2020-03-03 16:44:43',12,0.00,15.00,37.50,36.25,38.75,5.00,NULL,NULL),(75,1,0,'2020-03-03 16:44:43','2020-03-03 16:44:43',12,33.30,21.00,52.50,50.75,54.25,7.00,NULL,NULL),(76,30,0,'2020-03-03 16:44:43','2020-03-03 16:44:43',12,0.00,12.00,30.00,29.00,31.00,4.00,NULL,NULL),(86,13,0,'2020-03-04 16:14:21','2020-03-04 16:14:21',14,0.00,10.50,26.25,25.38,27.13,3.50,27.00,NULL),(87,6,0,'2020-03-04 16:14:21','2020-03-04 16:14:21',14,0.00,12.00,30.00,29.00,31.00,4.00,NULL,NULL),(88,12,0,'2020-03-04 16:14:21','2020-03-04 16:14:21',14,0.00,12.00,30.00,29.00,31.00,4.00,NULL,NULL),(89,9,0,'2020-03-04 16:14:21','2020-03-04 16:14:21',14,0.00,12.00,30.00,29.00,31.00,4.00,NULL,20.00),(90,27,0,'2020-03-04 16:14:21','2020-03-04 16:14:21',14,0.00,10.50,26.25,25.38,27.13,3.50,15.00,NULL),(91,26,0,'2020-03-04 16:14:21','2020-03-04 16:14:21',14,0.00,10.50,26.25,25.38,27.13,3.50,NULL,NULL),(92,5,0,'2020-03-04 16:14:21','2020-03-04 16:14:21',14,0.00,15.00,37.50,36.25,38.75,5.00,NULL,NULL),(93,1,0,'2020-03-04 16:14:21','2020-03-04 16:14:21',14,33.30,21.00,52.50,50.75,54.25,7.00,NULL,NULL),(94,30,0,'2020-03-04 16:14:21','2020-03-04 16:14:21',14,0.00,12.00,30.00,29.00,31.00,4.00,NULL,NULL),(95,13,0,'2020-03-09 15:45:16','2020-03-09 15:45:16',15,0.00,10.50,26.25,25.38,27.13,3.50,27.00,25.00),(96,6,0,'2020-03-09 15:45:16','2020-03-09 15:45:16',15,0.00,12.00,30.00,29.00,31.00,4.00,NULL,NULL),(97,12,0,'2020-03-09 15:45:16','2020-03-09 15:45:16',15,0.00,12.00,30.00,29.00,31.00,4.00,NULL,NULL),(98,9,0,'2020-03-09 15:45:16','2020-03-09 15:45:16',15,0.00,12.00,30.00,29.00,31.00,4.00,NULL,20.00),(99,27,0,'2020-03-09 15:45:16','2020-03-09 15:45:16',15,0.00,10.50,26.25,25.38,27.13,3.50,15.00,NULL),(100,26,0,'2020-03-09 15:45:16','2020-03-09 15:45:16',15,0.00,10.50,26.25,25.38,27.13,3.50,NULL,NULL),(101,5,0,'2020-03-09 15:45:16','2020-03-09 15:45:16',15,0.00,15.00,37.50,36.25,38.75,5.00,NULL,NULL),(102,1,0,'2020-03-09 15:45:16','2020-03-09 15:45:16',15,33.30,21.00,52.50,50.75,54.25,7.00,NULL,NULL),(103,30,0,'2020-03-09 15:45:16','2020-03-09 15:45:16',15,0.00,12.00,30.00,29.00,31.00,4.00,NULL,NULL),(104,13,0,'2020-03-12 17:51:37','2020-03-12 17:51:37',16,0.00,10.50,26.25,25.38,27.13,3.50,27.00,25.00),(105,12,0,'2020-03-12 17:51:37','2020-03-12 17:51:37',16,0.00,12.00,30.00,29.00,31.00,4.00,NULL,NULL),(106,9,0,'2020-03-12 17:51:37','2020-03-12 17:51:37',16,0.00,12.00,30.00,29.00,31.00,4.00,NULL,20.00),(107,27,0,'2020-03-12 17:51:37','2020-03-12 17:51:37',16,0.00,10.50,26.25,25.38,27.13,3.50,15.00,NULL),(108,26,0,'2020-03-12 17:51:37','2020-03-12 17:51:37',16,0.00,10.50,26.25,25.38,27.13,3.50,NULL,NULL),(109,5,0,'2020-03-12 17:51:37','2020-03-12 17:51:37',16,0.00,15.00,37.50,36.25,38.75,5.00,NULL,NULL),(110,1,0,'2020-03-12 17:51:37','2020-03-12 17:51:37',16,33.30,21.00,52.50,50.75,54.25,7.00,NULL,NULL),(111,30,0,'2020-03-12 17:51:37','2020-03-12 17:51:37',16,0.00,12.00,30.00,29.00,31.00,4.00,NULL,NULL),(112,13,0,'2020-03-28 18:31:54','2020-03-28 18:31:54',17,0.00,10.50,26.25,25.38,27.13,3.50,27.00,25.00),(113,12,0,'2020-03-28 18:31:54','2020-03-28 18:31:54',17,0.00,12.00,30.00,29.00,31.00,4.00,NULL,NULL),(114,9,0,'2020-03-28 18:31:54','2020-03-28 18:31:54',17,0.00,12.00,30.00,29.00,31.00,4.00,NULL,20.00),(115,27,0,'2020-03-28 18:31:54','2020-03-28 18:31:54',17,0.00,10.50,26.25,25.38,27.13,3.50,15.00,NULL),(116,26,0,'2020-03-28 18:31:54','2020-03-28 18:31:54',17,0.00,10.50,26.25,25.38,27.13,3.50,NULL,NULL),(117,5,0,'2020-03-28 18:31:54','2020-03-28 18:31:54',17,0.00,15.00,37.50,36.25,38.75,5.00,NULL,NULL),(118,1,0,'2020-03-28 18:31:54','2020-03-28 18:31:54',17,33.30,21.00,52.50,50.75,54.25,7.00,NULL,NULL),(119,30,0,'2020-03-28 18:31:54','2020-03-28 18:31:54',17,0.00,12.00,30.00,29.00,31.00,4.00,NULL,NULL);
/*!40000 ALTER TABLE `planillas` ENABLE KEYS */;
UNLOCK TABLES;

--
-- Table structure for table `porcentajes`
--

DROP TABLE IF EXISTS `porcentajes`;
/*!40101 SET @saved_cs_client     = @@character_set_client */;
/*!40101 SET character_set_client = utf8 */;
CREATE TABLE `porcentajes` (
  `id` bigint(20) unsigned NOT NULL AUTO_INCREMENT,
  `nombre` varchar(191) COLLATE utf8mb4_unicode_ci NOT NULL,
  `porcentaje` double(8,2) NOT NULL,
  `estado` tinyint(4) DEFAULT '1',
  `created_at` timestamp NULL DEFAULT NULL,
  `updated_at` timestamp NULL DEFAULT NULL,
  `nombre_simple` varchar(191) COLLATE utf8mb4_unicode_ci DEFAULT NULL,
  PRIMARY KEY (`id`)
) ENGINE=InnoDB AUTO_INCREMENT=4 DEFAULT CHARSET=utf8mb4 COLLATE=utf8mb4_unicode_ci;
/*!40101 SET character_set_client = @saved_cs_client */;

--
-- Dumping data for table `porcentajes`
--

LOCK TABLES `porcentajes` WRITE;
/*!40000 ALTER TABLE `porcentajes` DISABLE KEYS */;
INSERT INTO `porcentajes` VALUES (1,'Renta',10.00,1,NULL,'2020-03-13 16:13:21','renta'),(2,'IVA',13.00,1,NULL,'2020-03-09 14:38:28','iva'),(3,'Fiestas patronales',5.00,1,NULL,'2020-03-02 03:15:43','fiestas');
/*!40000 ALTER TABLE `porcentajes` ENABLE KEYS */;
UNLOCK TABLES;

--
-- Table structure for table `prestamos`
--

DROP TABLE IF EXISTS `prestamos`;
/*!40101 SET @saved_cs_client     = @@character_set_client */;
/*!40101 SET character_set_client = utf8 */;
CREATE TABLE `prestamos` (
  `id` bigint(20) unsigned NOT NULL AUTO_INCREMENT,
  `empleado_id` bigint(20) unsigned NOT NULL,
  `numero_de_cuenta` int(11) NOT NULL,
  `monto` double(8,2) NOT NULL,
  `estado` int(11) NOT NULL DEFAULT '1',
  `created_at` timestamp NULL DEFAULT NULL,
  `updated_at` timestamp NULL DEFAULT NULL,
  `numero_de_cuotas` bigint(20) NOT NULL,
  `cuota` double(8,2) NOT NULL,
  `banco_id` bigint(20) unsigned NOT NULL,
  `fecha_inicio` date DEFAULT NULL,
  `fecha_fin` date DEFAULT NULL,
  `tasa_interes` double(8,2) DEFAULT NULL,
  `prestamotipo_id` varchar(191) COLLATE utf8mb4_unicode_ci DEFAULT NULL,
  PRIMARY KEY (`id`),
  KEY `prestamos_empleado_id_foreign` (`empleado_id`),
  KEY `prestamos_banco_id_foreign` (`banco_id`),
  KEY `prestamos_prestamotipo_id_foreign` (`prestamotipo_id`),
  CONSTRAINT `prestamos_banco_id_foreign` FOREIGN KEY (`banco_id`) REFERENCES `bancos` (`id`),
  CONSTRAINT `prestamos_empleado_id_foreign` FOREIGN KEY (`empleado_id`) REFERENCES `empleados` (`id`),
  CONSTRAINT `prestamos_prestamotipo_id_foreign` FOREIGN KEY (`prestamotipo_id`) REFERENCES `prestamotipos` (`id`)
) ENGINE=InnoDB AUTO_INCREMENT=7 DEFAULT CHARSET=utf8mb4 COLLATE=utf8mb4_unicode_ci;
/*!40101 SET character_set_client = @saved_cs_client */;

--
-- Dumping data for table `prestamos`
--

LOCK TABLES `prestamos` WRITE;
/*!40000 ALTER TABLE `prestamos` DISABLE KEYS */;
INSERT INTO `prestamos` VALUES (1,27,123456,1200.00,1,'2019-06-27 22:36:26','2019-07-03 19:40:36',12,10.00,1,NULL,'2020-02-05',12.60,'20192903290300000003'),(2,12,34676794,2000.00,1,'2019-07-03 15:17:21','2019-07-03 19:49:02',24,30.00,4,NULL,'2020-02-04',9.30,'20192803283200000032'),(3,27,9876543,1000.00,1,'2019-07-03 19:57:27','2019-07-03 19:57:27',12,15.00,3,'2019-07-07','2020-07-06',15.00,'20192803283200000032'),(4,13,9876543,1000.00,1,'2019-07-03 21:03:54','2019-07-03 21:03:54',12,10.00,1,NULL,'2020-05-14',15.00,'20192803283200000032'),(5,28,980866778,800.00,1,'2019-10-03 15:31:35','2019-10-03 15:31:35',12,80.00,1,'2019-10-03','2020-10-03',0.07,'20191912195500000055'),(6,13,876543,2000.00,1,'2020-03-03 15:09:46','2020-03-03 15:09:46',24,17.00,3,'2020-03-03','2022-03-03',11.00,'20192903290300000003');
/*!40000 ALTER TABLE `prestamos` ENABLE KEYS */;
UNLOCK TABLES;

--
-- Table structure for table `prestamotipos`
--

DROP TABLE IF EXISTS `prestamotipos`;
/*!40101 SET @saved_cs_client     = @@character_set_client */;
/*!40101 SET character_set_client = utf8 */;
CREATE TABLE `prestamotipos` (
  `id` varchar(191) COLLATE utf8mb4_unicode_ci NOT NULL,
  `nombre` varchar(191) COLLATE utf8mb4_unicode_ci NOT NULL,
  `estado` int(11) NOT NULL DEFAULT '1',
  `created_at` timestamp NULL DEFAULT NULL,
  `updated_at` timestamp NULL DEFAULT NULL,
  PRIMARY KEY (`id`)
) ENGINE=InnoDB DEFAULT CHARSET=utf8mb4 COLLATE=utf8mb4_unicode_ci;
/*!40101 SET character_set_client = @saved_cs_client */;

--
-- Dumping data for table `prestamotipos`
--

LOCK TABLES `prestamotipos` WRITE;
/*!40000 ALTER TABLE `prestamotipos` DISABLE KEYS */;
INSERT INTO `prestamotipos` VALUES ('20190212020400000004','algo',1,'2019-07-13 05:02:04','2019-07-13 05:02:04'),('20190412045700000057','nuevo',1,'2019-07-13 05:04:57','2019-07-13 05:04:57'),('20190712075500000055','hola',1,'2019-07-13 05:07:55','2019-07-13 05:07:55'),('20191812184000000040','otro',1,'2019-07-13 05:18:40','2019-07-13 05:18:40'),('20191912195500000055','vivienda',1,'2019-07-13 05:19:55','2019-07-13 05:19:55'),('20192803283200000032','Hipotecario',1,'2019-07-03 17:28:32','2019-07-03 17:28:32'),('20192903290300000003','Personal',1,'2019-07-03 17:29:03','2019-07-03 17:29:03');
/*!40000 ALTER TABLE `prestamotipos` ENABLE KEYS */;
UNLOCK TABLES;

--
-- Table structure for table `presupuesto_solicituds`
--

DROP TABLE IF EXISTS `presupuesto_solicituds`;
/*!40101 SET @saved_cs_client     = @@character_set_client */;
/*!40101 SET character_set_client = utf8 */;
CREATE TABLE `presupuesto_solicituds` (
  `id` bigint(20) unsigned NOT NULL AUTO_INCREMENT,
  `presupuesto_id` bigint(20) unsigned NOT NULL,
  `categoria_id` int(11) NOT NULL,
  `estado` int(11) NOT NULL DEFAULT '1',
  `seleccionado` tinyint(1) NOT NULL DEFAULT '0',
  `created_at` timestamp NULL DEFAULT NULL,
  `updated_at` timestamp NULL DEFAULT NULL,
  PRIMARY KEY (`id`),
  KEY `presupuesto_solicituds_presupuesto_id_foreign` (`presupuesto_id`),
  CONSTRAINT `presupuesto_solicituds_presupuesto_id_foreign` FOREIGN KEY (`presupuesto_id`) REFERENCES `presupuestos` (`id`)
) ENGINE=InnoDB DEFAULT CHARSET=utf8mb4 COLLATE=utf8mb4_unicode_ci;
/*!40101 SET character_set_client = @saved_cs_client */;

--
-- Dumping data for table `presupuesto_solicituds`
--

LOCK TABLES `presupuesto_solicituds` WRITE;
/*!40000 ALTER TABLE `presupuesto_solicituds` DISABLE KEYS */;
/*!40000 ALTER TABLE `presupuesto_solicituds` ENABLE KEYS */;
UNLOCK TABLES;

--
-- Table structure for table `presupuestodetalles`
--

DROP TABLE IF EXISTS `presupuestodetalles`;
/*!40101 SET @saved_cs_client     = @@character_set_client */;
/*!40101 SET character_set_client = utf8 */;
CREATE TABLE `presupuestodetalles` (
  `id` bigint(20) unsigned NOT NULL AUTO_INCREMENT,
  `presupuesto_id` bigint(20) unsigned NOT NULL,
  `cantidad` int(11) NOT NULL,
  `preciou` double(8,2) NOT NULL,
  `material_id` varchar(191) COLLATE utf8mb4_unicode_ci NOT NULL,
  `estado` int(10) unsigned NOT NULL DEFAULT '1',
  PRIMARY KEY (`id`),
  KEY `presupuestodetalles_presupuesto_id_foreign` (`presupuesto_id`),
  KEY `presupuestodetalles_material_id_foreign` (`material_id`),
  CONSTRAINT `presupuestodetalles_material_id_foreign` FOREIGN KEY (`material_id`) REFERENCES `materiales` (`id`),
  CONSTRAINT `presupuestodetalles_presupuesto_id_foreign` FOREIGN KEY (`presupuesto_id`) REFERENCES `presupuestos` (`id`)
) ENGINE=InnoDB AUTO_INCREMENT=5 DEFAULT CHARSET=utf8mb4 COLLATE=utf8mb4_unicode_ci;
/*!40101 SET character_set_client = @saved_cs_client */;

--
-- Dumping data for table `presupuestodetalles`
--

LOCK TABLES `presupuestodetalles` WRITE;
/*!40000 ALTER TABLE `presupuestodetalles` DISABLE KEYS */;
INSERT INTO `presupuestodetalles` VALUES (1,1,1,1.00,'20200322034900000049',1),(2,1,1,1.00,'20202627263500000035',1),(3,1,1,1.00,'20203727374400000044',1),(4,1,1,1.00,'20203727372800000028',1);
/*!40000 ALTER TABLE `presupuestodetalles` ENABLE KEYS */;
UNLOCK TABLES;

--
-- Table structure for table `presupuestos`
--

DROP TABLE IF EXISTS `presupuestos`;
/*!40101 SET @saved_cs_client     = @@character_set_client */;
/*!40101 SET character_set_client = utf8 */;
CREATE TABLE `presupuestos` (
  `id` bigint(20) unsigned NOT NULL AUTO_INCREMENT,
  `proyecto_id` bigint(20) unsigned NOT NULL,
  `total` double(8,2) NOT NULL,
  `created_at` timestamp NULL DEFAULT NULL,
  `updated_at` timestamp NULL DEFAULT NULL,
  `estado` int(11) NOT NULL DEFAULT '1',
  PRIMARY KEY (`id`),
  KEY `presupuestos_proyecto_id_foreign` (`proyecto_id`),
  CONSTRAINT `presupuestos_proyecto_id_foreign` FOREIGN KEY (`proyecto_id`) REFERENCES `proyectos` (`id`)
) ENGINE=InnoDB AUTO_INCREMENT=2 DEFAULT CHARSET=utf8mb4 COLLATE=utf8mb4_unicode_ci;
/*!40101 SET character_set_client = @saved_cs_client */;

--
-- Dumping data for table `presupuestos`
--

LOCK TABLES `presupuestos` WRITE;
/*!40000 ALTER TABLE `presupuestos` DISABLE KEYS */;
INSERT INTO `presupuestos` VALUES (1,12,2.00,'2020-03-02 14:56:54','2020-03-02 14:56:54',1);
/*!40000 ALTER TABLE `presupuestos` ENABLE KEYS */;
UNLOCK TABLES;

--
-- Table structure for table `presupuestounidaddetalles`
--

DROP TABLE IF EXISTS `presupuestounidaddetalles`;
/*!40101 SET @saved_cs_client     = @@character_set_client */;
/*!40101 SET character_set_client = utf8 */;
CREATE TABLE `presupuestounidaddetalles` (
  `id` bigint(20) unsigned NOT NULL AUTO_INCREMENT,
  `presupuestounidad_id` bigint(20) unsigned NOT NULL,
  `cantidad` int(11) NOT NULL,
  `precio` double(8,2) NOT NULL,
  `material_id` varchar(191) COLLATE utf8mb4_unicode_ci NOT NULL,
  PRIMARY KEY (`id`),
  KEY `presupuestounidaddetalles_presupuestounidad_id_foreign` (`presupuestounidad_id`),
  KEY `presupuestounidaddetalles_material_id_foreign` (`material_id`),
  CONSTRAINT `presupuestounidaddetalles_material_id_foreign` FOREIGN KEY (`material_id`) REFERENCES `materiales` (`id`),
  CONSTRAINT `presupuestounidaddetalles_presupuestounidad_id_foreign` FOREIGN KEY (`presupuestounidad_id`) REFERENCES `presupuestounidads` (`id`)
) ENGINE=InnoDB AUTO_INCREMENT=28 DEFAULT CHARSET=utf8mb4 COLLATE=utf8mb4_unicode_ci;
/*!40101 SET character_set_client = @saved_cs_client */;

--
-- Dumping data for table `presupuestounidaddetalles`
--

LOCK TABLES `presupuestounidaddetalles` WRITE;
/*!40000 ALTER TABLE `presupuestounidaddetalles` DISABLE KEYS */;
INSERT INTO `presupuestounidaddetalles` VALUES (21,10,10,5.00,'20200822083500000035'),(22,10,5,6.00,'20200922090300000003'),(23,10,2,4.00,'20203727374400000044'),(24,10,1,4.00,'20203727372800000028'),(25,10,2,5000.00,'20200322030300000003'),(26,10,2,2500.00,'20200322034900000049'),(27,9,1,2500.00,'20200322030300000003');
/*!40000 ALTER TABLE `presupuestounidaddetalles` ENABLE KEYS */;
UNLOCK TABLES;

--
-- Table structure for table `presupuestounidads`
--

DROP TABLE IF EXISTS `presupuestounidads`;
/*!40101 SET @saved_cs_client     = @@character_set_client */;
/*!40101 SET character_set_client = utf8 */;
CREATE TABLE `presupuestounidads` (
  `id` bigint(20) unsigned NOT NULL AUTO_INCREMENT,
  `unidad_id` bigint(20) unsigned NOT NULL,
  `estado` int(11) NOT NULL DEFAULT '1',
  `created_at` timestamp NULL DEFAULT NULL,
  `updated_at` timestamp NULL DEFAULT NULL,
  `user_id` bigint(20) unsigned NOT NULL,
  `anio` int(11) NOT NULL,
  `actividad` varchar(191) COLLATE utf8mb4_unicode_ci DEFAULT NULL,
  PRIMARY KEY (`id`),
  KEY `presupuestounidads_unidad_id_foreign` (`unidad_id`),
  KEY `presupuestounidads_user_id_foreign` (`user_id`),
  CONSTRAINT `presupuestounidads_unidad_id_foreign` FOREIGN KEY (`unidad_id`) REFERENCES `unidads` (`id`),
  CONSTRAINT `presupuestounidads_user_id_foreign` FOREIGN KEY (`user_id`) REFERENCES `users` (`id`)
) ENGINE=InnoDB AUTO_INCREMENT=11 DEFAULT CHARSET=utf8mb4 COLLATE=utf8mb4_unicode_ci;
/*!40101 SET character_set_client = @saved_cs_client */;

--
-- Dumping data for table `presupuestounidads`
--

LOCK TABLES `presupuestounidads` WRITE;
/*!40000 ALTER TABLE `presupuestounidads` DISABLE KEYS */;
INSERT INTO `presupuestounidads` VALUES (1,2,3,'2019-07-17 17:31:58','2019-09-09 20:28:44',3,2019,NULL),(2,5,4,'2019-09-04 16:06:10','2019-09-04 16:06:10',2,2018,NULL),(5,5,2,'2019-09-09 19:46:57','2019-09-09 20:28:22',2,2019,NULL),(7,4,2,'2019-10-03 14:52:54','2019-10-07 14:47:16',2,2019,NULL),(8,4,2,'2019-10-03 14:53:20','2019-10-07 14:46:49',2,2019,NULL),(9,5,1,'2019-10-16 20:04:16','2019-10-16 20:04:16',2,2020,NULL),(10,2,3,'2020-01-14 15:33:31','2020-01-27 15:32:16',3,2020,NULL);
/*!40000 ALTER TABLE `presupuestounidads` ENABLE KEYS */;
UNLOCK TABLES;

--
-- Table structure for table `proveedors`
--

DROP TABLE IF EXISTS `proveedors`;
/*!40101 SET @saved_cs_client     = @@character_set_client */;
/*!40101 SET character_set_client = utf8 */;
CREATE TABLE `proveedors` (
  `id` bigint(20) unsigned NOT NULL AUTO_INCREMENT,
  `nombre` varchar(191) COLLATE utf8mb4_unicode_ci NOT NULL,
  `direccion` varchar(191) COLLATE utf8mb4_unicode_ci NOT NULL,
  `telefono` varchar(191) COLLATE utf8mb4_unicode_ci NOT NULL,
  `email` varchar(191) COLLATE utf8mb4_unicode_ci NOT NULL,
  `nit` varchar(191) COLLATE utf8mb4_unicode_ci NOT NULL,
  `numero_registro` varchar(191) COLLATE utf8mb4_unicode_ci NOT NULL,
  `nombrer` varchar(191) COLLATE utf8mb4_unicode_ci DEFAULT NULL,
  `telfijor` varchar(191) COLLATE utf8mb4_unicode_ci DEFAULT NULL,
  `celular_r` char(9) COLLATE utf8mb4_unicode_ci DEFAULT NULL,
  `emailr` varchar(191) COLLATE utf8mb4_unicode_ci DEFAULT NULL,
  `estado` int(10) unsigned NOT NULL DEFAULT '1',
  `motivo` varchar(191) COLLATE utf8mb4_unicode_ci DEFAULT NULL,
  `fechabaja` date DEFAULT NULL,
  `created_at` timestamp NULL DEFAULT NULL,
  `updated_at` timestamp NULL DEFAULT NULL,
  `oficio` varchar(191) COLLATE utf8mb4_unicode_ci DEFAULT NULL,
  `duir` varchar(191) COLLATE utf8mb4_unicode_ci DEFAULT NULL,
  `dui` varchar(191) COLLATE utf8mb4_unicode_ci DEFAULT NULL,
  `giro_id` bigint(20) unsigned DEFAULT NULL,
  PRIMARY KEY (`id`),
  KEY `proveedors_giro_id_foreign` (`giro_id`),
  CONSTRAINT `proveedors_giro_id_foreign` FOREIGN KEY (`giro_id`) REFERENCES `giros` (`id`)
) ENGINE=InnoDB AUTO_INCREMENT=52 DEFAULT CHARSET=utf8mb4 COLLATE=utf8mb4_unicode_ci;
/*!40101 SET character_set_client = @saved_cs_client */;

--
-- Dumping data for table `proveedors`
--

LOCK TABLES `proveedors` WRITE;
/*!40000 ALTER TABLE `proveedors` DISABLE KEYS */;
INSERT INTO `proveedors` VALUES (1,'Prof. Marcia Botsford PhD','97332 Edward Islands Suite 381\r\nLake Demond, OR 43865-6598','6041-1669','kaia.gutkowski@example.org','3299-903223-850-9','7541-2230','Mario Huezo','2332-3423','7787-8979','representante@gmail.com',1,NULL,NULL,'2019-06-19 15:34:26','2020-02-10 14:44:08',NULL,'03675456-9','67567568-5',1),(2,'Veronica Pfannerstill','11539 Leone Walk\r\nNew Clint, KY 45014','7660-7465','uroberts@example.net','3036-795643-494-1','7672-2818',NULL,NULL,NULL,NULL,1,NULL,NULL,'2019-06-19 15:34:26','2020-02-07 15:53:10',NULL,NULL,NULL,2),(3,'Adolf Russel','972 Mina Manor Suite 505\r\nNew Waldoside, NJ 79480-6200','7567-2640','jaskolski.micheal@example.net','9225-691828-436-1','7638-4095',NULL,NULL,NULL,NULL,1,NULL,NULL,'2019-06-19 15:34:26','2020-02-07 15:55:00',NULL,NULL,NULL,1),(4,'Ova Sanford','797 Hills Fields\nWest Brant, CO 06372-2825','7797-2488','ferdman@example.com','5915-359693-619-0','7519-7985',NULL,NULL,NULL,NULL,1,NULL,NULL,'2019-06-19 15:34:26','2019-06-19 15:34:26',NULL,NULL,NULL,NULL),(5,'Eddie Price','8929 Montana Walks Suite 263\r\nCaramouth, MI 14210','6698-4343','kallie56@example.org','4666-812168-449-1','7335-8515',NULL,NULL,NULL,NULL,1,NULL,NULL,'2019-06-19 15:34:26','2020-02-08 16:08:06',NULL,NULL,NULL,4),(6,'Kiarra Hills I','33418 Mueller Walk\nPort Maxime, SC 85747','6701-6250','chasity55@example.com','8541-855759-63-0','6455-3444',NULL,NULL,NULL,NULL,1,NULL,NULL,'2019-06-19 15:34:26','2019-06-19 15:34:26',NULL,NULL,NULL,NULL),(7,'Oliver Davis','1254 Americo Port Suite 082\nPort Lennyfort, TN 58689-1881','6209-3617','erwin50@example.com','760-114798-929-1','6414-5950',NULL,NULL,NULL,NULL,1,NULL,NULL,'2019-06-19 15:34:26','2019-06-19 15:34:26',NULL,NULL,NULL,NULL),(8,'Orville Kuhlman II','90675 Reilly Harbor\nWest Marjorie, NY 82674-3900','7874-5885','nikita.hansen@example.com','7807-839846-141-1','6778-3906',NULL,NULL,NULL,NULL,1,NULL,NULL,'2019-06-19 15:34:26','2019-06-19 15:34:26',NULL,NULL,NULL,NULL),(9,'Mrs. Maeve Davis','85759 Larson Island\nNorth Jonathanland, TX 21336-2565','7895-5657','harber.rusty@example.net','9902-673063-341-1','6691-4873',NULL,NULL,NULL,NULL,1,NULL,NULL,'2019-06-19 15:34:26','2019-06-19 15:34:26',NULL,NULL,NULL,NULL),(10,'Devyn Block','887 Herman Square\nWest Loyalberg, OK 29089-8702','6304-3982','kendra24@example.com','4669-598616-566-1','6872-5071',NULL,NULL,NULL,NULL,1,NULL,NULL,'2019-06-19 15:34:26','2019-06-19 15:34:26',NULL,NULL,NULL,NULL),(11,'Ronaldo Runolfsson PhD','77968 Balistreri Turnpike\nCeasarfurt, MI 19996-9437','7708-9103','novella31@example.com','6793-684778-270-1','7499-1716',NULL,NULL,NULL,NULL,1,NULL,NULL,'2019-06-19 15:34:26','2019-06-19 15:34:26',NULL,NULL,NULL,NULL),(12,'Eugene Jacobson','37960 Zita Isle\nIvaview, WI 20648','6093-3188','eryn57@example.com','8078-176872-870-1','7598-2108',NULL,NULL,NULL,NULL,1,NULL,NULL,'2019-06-19 15:34:26','2019-06-19 15:34:26',NULL,NULL,NULL,NULL),(13,'Dr. Zola Feest','514 Ward Square Apt. 846\nPort Dorrisside, GA 62605','6944-5906','beahan.elias@example.net','4512-822808-814-1','6432-9289',NULL,NULL,NULL,NULL,1,NULL,NULL,'2019-06-19 15:34:26','2019-06-19 15:34:26',NULL,NULL,NULL,NULL),(14,'Hudson Konopelski','97004 Ankunding Shoals Apt. 211\nO\'Reillymouth, NE 31204-5620','7170-8529','reina.murphy@example.com','550-154447-331-1','7582-8873',NULL,NULL,NULL,NULL,1,NULL,NULL,'2019-06-19 15:34:26','2019-06-19 15:34:26',NULL,NULL,NULL,NULL),(15,'Lacy McDermott','153 Hammes Station Suite 477\nZulaufbury, MO 07804-7616','7377-6657','swatsica@example.org','8328-235959-47-1','6747-1775',NULL,NULL,NULL,NULL,1,NULL,NULL,'2019-06-19 15:34:26','2019-06-19 15:34:26',NULL,NULL,NULL,NULL),(16,'Earl Dare IV','95102 Koch Prairie Suite 150\nKirstenville, ME 28814','6218-2808','adan.murray@example.com','9680-336955-319-1','7365-7394',NULL,NULL,NULL,NULL,1,NULL,NULL,'2019-06-19 15:34:26','2019-06-19 15:34:26',NULL,NULL,NULL,NULL),(17,'Quinn Stroman','42908 Hallie Prairie\nAvisland, KS 98916-5919','7198-4035','fredrick76@example.com','1042-796534-108-1','7386-4569',NULL,NULL,NULL,NULL,1,NULL,NULL,'2019-06-19 15:34:26','2019-06-19 15:34:26',NULL,NULL,NULL,NULL),(18,'Mrs. Sabina Barton','14577 Kuhn Pines\nLake Pat, AK 69927','7322-3450','kautzer.albina@example.com','8101-249621-326-0','6963-6739',NULL,NULL,NULL,NULL,1,NULL,NULL,'2019-06-19 15:34:26','2019-06-19 15:34:26',NULL,NULL,NULL,NULL),(19,'Lyric Schiller I','52993 Romaguera Flat\nGracielaborough, ID 16889','6383-7149','mccullough.rudy@example.net','7109-959183-635-1','6590-3063',NULL,NULL,NULL,NULL,1,NULL,NULL,'2019-06-19 15:34:26','2019-06-19 15:34:26',NULL,NULL,NULL,NULL),(20,'Triston Wisozk','714 McCullough Parkway Suite 136\nKendraton, VA 77657-0809','6130-5','beier.wilfrid@example.org','594-784021-538-0','6020-9801',NULL,NULL,NULL,NULL,1,NULL,NULL,'2019-06-19 15:34:26','2019-06-19 15:34:26',NULL,NULL,NULL,NULL),(21,'Giovani Howe','4787 Leslie Cliffs Suite 938\nWest Alek, ID 34424-7912','6599-7585','cprosacco@example.org','5319-348683-663-1','7081-4577',NULL,NULL,NULL,NULL,1,NULL,NULL,'2019-06-19 15:34:26','2019-06-19 15:34:26',NULL,NULL,NULL,NULL),(22,'Mario Abshire','6632 McClure Loaf\nEast Eliezer, WY 48459','7159-79','triston40@example.net','5740-410483-876-1','6859-4127',NULL,NULL,NULL,NULL,1,NULL,NULL,'2019-06-19 15:34:26','2019-06-19 15:34:26',NULL,NULL,NULL,NULL),(23,'Roy Thiel V','527 Volkman Knoll Suite 150\nSouth Lauriannefurt, KY 58186-1526','6697-1562','kterry@example.com','2520-355102-854-0','6352-9159',NULL,NULL,NULL,NULL,1,NULL,NULL,'2019-06-19 15:34:26','2019-06-19 15:34:26',NULL,NULL,NULL,NULL),(24,'Prof. Helen Beer Jr.','96439 Lamar Ferry Suite 623\nHauckmouth, CA 89110','6437-4932','stroman.alexanne@example.net','7744-698698-935-0','6178-3306',NULL,NULL,NULL,NULL,1,NULL,NULL,'2019-06-19 15:34:26','2019-06-19 15:34:26',NULL,NULL,NULL,NULL),(25,'Preston Wintheiser','22875 McCullough Lights\nWest Alexzanderfurt, RI 42940-0963','7075-6743','brendan50@example.com','9130-758446-864-0','7556-6120',NULL,NULL,NULL,NULL,1,NULL,NULL,'2019-06-19 15:34:27','2019-06-19 15:34:27',NULL,NULL,NULL,NULL),(26,'Chadd Huel','64557 Krista Isle\nEast Raquel, MO 74204-3810','7586-6946','connelly.cleta@example.net','5202-62574-786-0','7491-6381',NULL,NULL,NULL,NULL,1,NULL,NULL,'2019-06-19 15:34:27','2019-06-19 15:34:27',NULL,NULL,NULL,NULL),(27,'Ms. Freda Balistreri DDS','3622 Wendell Key Suite 762\nNorth Ibrahimville, RI 46222-2838','6345-222','tania.weimann@example.com','4512-482341-937-0','6693-7255',NULL,NULL,NULL,NULL,1,NULL,NULL,'2019-06-19 15:34:27','2019-06-19 15:34:27',NULL,NULL,NULL,NULL),(28,'Robyn Moore','2345 Hansen Prairie Apt. 704\nNew Maximilianchester, OR 26704','6067-9101','vanessa85@example.org','4070-124156-41-0','6774-4591',NULL,NULL,NULL,NULL,1,NULL,NULL,'2019-06-19 15:34:27','2019-06-19 15:34:27',NULL,NULL,NULL,NULL),(29,'Dr. Cathy Renner','3587 Kayley Neck Suite 396\nLake Pabloburgh, VA 33077','6976-7467','fadel.loma@example.com','8437-157792-611-1','6017-9295',NULL,NULL,NULL,NULL,1,NULL,NULL,'2019-06-19 15:34:27','2019-06-19 15:34:27',NULL,NULL,NULL,NULL),(30,'Elaina Hauck Sr.','48826 Nicolas Mountains\nEveside, NC 21601','7593-6559','jgreenholt@example.org','8897-307110-767-0','7159-3646',NULL,NULL,NULL,NULL,1,NULL,NULL,'2019-06-19 15:34:27','2019-06-19 15:34:27',NULL,NULL,NULL,NULL),(31,'Mr. Sammie Connelly','542 Kuvalis Views\nNew Winnifred, CO 72348-2435','7964-8955','hwolff@example.org','3241-965594-935-0','6395-2933',NULL,NULL,NULL,NULL,1,NULL,NULL,'2019-06-19 15:34:27','2019-06-19 15:34:27',NULL,NULL,NULL,NULL),(32,'Prof. Jarrod Shanahan MD','7215 Riley Village Apt. 111\nSouth Paulamouth, CT 70851','6990-859','kayden23@example.com','2481-81666-472-1','6190-4347',NULL,NULL,NULL,NULL,1,NULL,NULL,'2019-06-19 15:34:27','2019-06-19 15:34:27',NULL,NULL,NULL,NULL),(33,'Desmond Bode','194 Osinski Vista\nPaucektown, DC 59065-9858','6032-2714','margot93@example.org','7911-431813-412-1','7174-2817',NULL,NULL,NULL,NULL,1,NULL,NULL,'2019-06-19 15:34:27','2019-06-19 15:34:27',NULL,NULL,NULL,NULL),(34,'Alyson Kihn','7614 Huels Cliff\nSophieside, AR 74237','7388-5943','rodriguez.hillary@example.net','1032-643705-187-0','6765-724',NULL,NULL,NULL,NULL,1,NULL,NULL,'2019-06-19 15:34:27','2019-06-19 15:34:27',NULL,NULL,NULL,NULL),(35,'Marian Toy','1372 Landen Manors\nGennaroton, MT 40137-9996','7591-2707','ydach@example.com','46-124908-934-1','7926-3622',NULL,NULL,NULL,NULL,1,NULL,NULL,'2019-06-19 15:34:27','2019-06-19 15:34:27',NULL,NULL,NULL,NULL),(36,'Alessandra Bergstrom','26170 Kellen Plaza\nRodriguezview, NC 59236-6452','7702-8740','winfield.zieme@example.com','3001-56673-267-0','6640-6649',NULL,NULL,NULL,NULL,1,NULL,NULL,'2019-06-19 15:34:27','2019-06-19 15:34:27',NULL,NULL,NULL,NULL),(37,'Karlee Marvin','5972 Donavon Bridge Apt. 177\nNorth Orvilleland, TX 32588','7198-2190','lhaag@example.org','6774-73355-324-0','7795-1958',NULL,NULL,NULL,NULL,1,NULL,NULL,'2019-06-19 15:34:27','2019-06-19 15:34:27',NULL,NULL,NULL,NULL),(38,'Conrad Monahan','6542 D\'Amore Causeway Apt. 044\nPeggiemouth, IL 97419-8176','7546-1127','darrell99@example.com','1006-732316-799-1','6846-5300',NULL,NULL,NULL,NULL,1,NULL,NULL,'2019-06-19 15:34:27','2019-06-19 15:34:27',NULL,NULL,NULL,NULL),(39,'Sunny McKenzie','62244 Herzog Bridge Apt. 669\nWest Lourdesburgh, MN 92690','6781-9470','jedidiah.gottlieb@example.net','6789-757634-490-0','7982-9279',NULL,NULL,NULL,NULL,1,NULL,NULL,'2019-06-19 15:34:27','2019-06-19 15:34:27',NULL,NULL,NULL,NULL),(40,'Davon Willms','392 Lyric River Apt. 007\nLake Deltaberg, AK 39847-1255','7219-6005','fterry@example.com','2903-617350-505-1','6243-6744',NULL,NULL,NULL,NULL,1,NULL,NULL,'2019-06-19 15:34:27','2019-06-19 15:34:27',NULL,NULL,NULL,NULL),(41,'Deron Bosco','47195 Myrtie Ridges Apt. 551\nDanielville, OK 95529-1224','7876-565','lockman.jimmie@example.com','7621-550576-77-0','7210-1453',NULL,NULL,NULL,NULL,1,NULL,NULL,'2019-06-19 15:34:27','2019-06-19 15:34:27',NULL,NULL,NULL,NULL),(42,'Gladys Block','5799 Emmerich Path\nWest Delfina, VT 25267','6830-4085','gwelch@example.com','7721-576513-478-0','7989-7269',NULL,NULL,NULL,NULL,1,NULL,NULL,'2019-06-19 15:34:27','2019-06-19 15:34:27',NULL,NULL,NULL,NULL),(43,'Vella Streich','45717 Streich Highway\nMayerfurt, UT 24176-0550','6729-1428','otto50@example.com','3653-480783-924-0','6672-7724',NULL,NULL,NULL,NULL,1,NULL,NULL,'2019-06-19 15:34:27','2019-06-19 15:34:27',NULL,NULL,NULL,NULL),(44,'Peggie Kassulke','7949 Kovacek Mews Suite 078\nEast Antonestad, IA 17105-4448','7672-2877','mireille35@example.org','7168-78455-339-0','6075-8996',NULL,NULL,NULL,NULL,1,NULL,NULL,'2019-06-19 15:34:27','2019-06-19 15:34:27',NULL,NULL,NULL,NULL),(45,'Laurianne Marks','9608 Champlin Islands\nDenafurt, NC 93949','7119-7272','una.flatley@example.org','2897-559073-648-1','6730-7255',NULL,NULL,NULL,NULL,1,NULL,NULL,'2019-06-19 15:34:27','2019-06-19 15:34:27',NULL,NULL,NULL,NULL),(46,'Audrey Krajcik DDS','7882 Otis Stream Suite 193\nLake Elmer, DE 52626-1905','7079-8806','tking@example.net','79-314506-934-0','6413-1085',NULL,NULL,NULL,NULL,1,NULL,NULL,'2019-06-19 15:34:27','2019-06-19 15:34:27',NULL,NULL,NULL,NULL),(47,'Orpha Collins','5011 Flatley Plaza\nBoyerchester, CO 54493-8725','6710-5187','considine.jess@example.org','8689-283802-679-1','6769-6771',NULL,NULL,NULL,NULL,1,NULL,NULL,'2019-06-19 15:34:27','2019-06-19 15:34:27',NULL,NULL,NULL,NULL),(48,'Shana Hudson','3116 Adonis Squares Apt. 325\nSchmittbury, MA 76234','7010-8615','micheal01@example.org','117-212502-792-1','6556-7945',NULL,NULL,NULL,NULL,1,NULL,NULL,'2019-06-19 15:34:27','2019-06-19 15:34:27',NULL,NULL,NULL,NULL),(49,'Kimberly Swift','297 Abigayle Freeway\nBartontown, IA 43438-8894','6641-7055','aniyah.friesen@example.com','8131-839386-751-0','7884-2817',NULL,NULL,NULL,NULL,1,NULL,NULL,'2019-06-19 15:34:27','2019-06-19 15:34:27',NULL,NULL,NULL,NULL),(50,'Damion Blanda blandon','6568 Israel Lane Apt. 778\r\nSouth Gordonberg, ID 92063-5930','6126-1251','chesley37@example.com','8588-525283-797-0','7289-9497',NULL,NULL,NULL,NULL,1,NULL,NULL,'2019-06-19 15:34:27','2019-06-27 21:50:03',NULL,NULL,NULL,NULL),(51,'La Raza band','cojutepeque','8787-8979','probado@correo.com','4665-788658-785-6','542634724',NULL,NULL,NULL,NULL,1,NULL,NULL,'2020-02-05 17:21:29','2020-02-05 17:21:29',NULL,NULL,'56534643-6',NULL);
/*!40000 ALTER TABLE `proveedors` ENABLE KEYS */;
UNLOCK TABLES;

--
-- Table structure for table `proyecto_actas`
--

DROP TABLE IF EXISTS `proyecto_actas`;
/*!40101 SET @saved_cs_client     = @@character_set_client */;
/*!40101 SET character_set_client = utf8 */;
CREATE TABLE `proyecto_actas` (
  `id` varchar(191) COLLATE utf8mb4_unicode_ci NOT NULL,
  `proyecto_id` bigint(20) unsigned NOT NULL,
  `descripcion` varchar(191) COLLATE utf8mb4_unicode_ci NOT NULL,
  `archivo` text COLLATE utf8mb4_unicode_ci NOT NULL,
  `created_at` timestamp NULL DEFAULT NULL,
  `updated_at` timestamp NULL DEFAULT NULL,
  PRIMARY KEY (`id`),
  KEY `proyecto_actas_proyecto_id_foreign` (`proyecto_id`),
  CONSTRAINT `proyecto_actas_proyecto_id_foreign` FOREIGN KEY (`proyecto_id`) REFERENCES `proyectos` (`id`)
) ENGINE=InnoDB DEFAULT CHARSET=utf8mb4 COLLATE=utf8mb4_unicode_ci;
/*!40101 SET character_set_client = @saved_cs_client */;

--
-- Dumping data for table `proyecto_actas`
--

LOCK TABLES `proyecto_actas` WRITE;
/*!40000 ALTER TABLE `proyecto_actas` DISABLE KEYS */;
INSERT INTO `proyecto_actas` VALUES ('20190109011200000012',8,'Acta de ciere del proyecto','Guía Mindfulness para la vida cotidiana • The Mindful Room (1).pdf','2019-10-09 16:01:12','2019-10-09 16:01:12'),('20192409244600000046',7,'finalizado','Plan de compras (1).pdf','2019-10-09 21:24:46','2019-10-09 21:24:46');
/*!40000 ALTER TABLE `proyecto_actas` ENABLE KEYS */;
UNLOCK TABLES;

--
-- Table structure for table `proyecto_inventarios`
--

DROP TABLE IF EXISTS `proyecto_inventarios`;
/*!40101 SET @saved_cs_client     = @@character_set_client */;
/*!40101 SET character_set_client = utf8 */;
CREATE TABLE `proyecto_inventarios` (
  `id` bigint(20) unsigned NOT NULL AUTO_INCREMENT,
  `descripcion` varchar(191) COLLATE utf8mb4_unicode_ci NOT NULL,
  `cantidad` int(11) NOT NULL,
  `proyecto_id` bigint(20) unsigned NOT NULL,
  `created_at` timestamp NULL DEFAULT NULL,
  `updated_at` timestamp NULL DEFAULT NULL,
  PRIMARY KEY (`id`),
  KEY `proyecto_inventarios_proyecto_id_foreign` (`proyecto_id`),
  CONSTRAINT `proyecto_inventarios_proyecto_id_foreign` FOREIGN KEY (`proyecto_id`) REFERENCES `proyectos` (`id`)
) ENGINE=InnoDB DEFAULT CHARSET=utf8mb4 COLLATE=utf8mb4_unicode_ci;
/*!40101 SET character_set_client = @saved_cs_client */;

--
-- Dumping data for table `proyecto_inventarios`
--

LOCK TABLES `proyecto_inventarios` WRITE;
/*!40000 ALTER TABLE `proyecto_inventarios` DISABLE KEYS */;
/*!40000 ALTER TABLE `proyecto_inventarios` ENABLE KEYS */;
UNLOCK TABLES;

--
-- Table structure for table `proyecto_planillas`
--

DROP TABLE IF EXISTS `proyecto_planillas`;
/*!40101 SET @saved_cs_client     = @@character_set_client */;
/*!40101 SET character_set_client = utf8 */;
CREATE TABLE `proyecto_planillas` (
  `id` varchar(191) COLLATE utf8mb4_unicode_ci NOT NULL,
  `proyecto_id` bigint(20) unsigned NOT NULL,
  `catorcena_id` varchar(191) COLLATE utf8mb4_unicode_ci NOT NULL,
  `empleado_id` bigint(20) unsigned NOT NULL,
  `numero_dias` int(10) unsigned NOT NULL,
  `salario_dia` double(8,2) unsigned NOT NULL,
  `created_at` timestamp NULL DEFAULT NULL,
  `updated_at` timestamp NULL DEFAULT NULL,
  `cargo_id` varchar(255) COLLATE utf8mb4_unicode_ci DEFAULT NULL,
  `estado` int(11) NOT NULL DEFAULT '1',
  PRIMARY KEY (`id`),
  KEY `proyecto_planillas_proyecto_id_foreign` (`proyecto_id`),
  KEY `proyecto_planillas_catorcena_id_foreign` (`catorcena_id`),
  KEY `proyecto_planillas_empleado_id_foreign` (`empleado_id`),
  CONSTRAINT `proyecto_planillas_catorcena_id_foreign` FOREIGN KEY (`catorcena_id`) REFERENCES `periodo_proyectos` (`id`),
  CONSTRAINT `proyecto_planillas_empleado_id_foreign` FOREIGN KEY (`empleado_id`) REFERENCES `empleados` (`id`),
  CONSTRAINT `proyecto_planillas_proyecto_id_foreign` FOREIGN KEY (`proyecto_id`) REFERENCES `proyectos` (`id`)
) ENGINE=InnoDB DEFAULT CHARSET=utf8mb4 COLLATE=utf8mb4_unicode_ci;
/*!40101 SET character_set_client = @saved_cs_client */;

--
-- Dumping data for table `proyecto_planillas`
--

LOCK TABLES `proyecto_planillas` WRITE;
/*!40000 ALTER TABLE `proyecto_planillas` DISABLE KEYS */;
INSERT INTO `proyecto_planillas` VALUES ('20192808284100000041-10',12,'20192507255600000056',29,14,7.00,'2019-11-08 15:28:41','2019-11-20 22:44:03','20192419245500000055',2),('20192808284100000041-11',12,'20192507255600000056',19,14,5.00,'2019-11-08 15:28:41','2019-11-20 22:44:03','20190319030100000001',2),('20192808284100000041-12',12,'20192507255600000056',15,14,8.00,'2019-11-08 15:28:41','2019-11-20 22:44:03','20190119013300000033',2),('20192808284100000041-7',12,'20192507255600000056',24,12,5.00,'2019-11-08 15:28:41','2019-11-20 22:44:03','20190319030100000001',2),('20192808284100000041-8',12,'20192507255600000056',23,14,5.00,'2019-11-08 15:28:41','2019-11-20 22:44:03','20190319030100000001',2),('20192808284100000041-9',12,'20192507255600000056',28,10,5.00,'2019-11-08 15:28:41','2019-11-20 22:44:03','20190319030100000001',2),('20193706370700000007-23',12,'20193406344400000044',28,14,5.00,'2019-12-06 14:37:07','2019-12-06 14:45:57','20190319030100000001',2),('20193706370700000007-24',12,'20193406344400000044',29,10,7.00,'2019-12-06 14:37:07','2019-12-06 14:45:57','20192419245500000055',2),('20193706370700000007-25',12,'20193406344400000044',19,14,5.00,'2019-12-06 14:37:07','2019-12-06 14:45:57','20190319030100000001',2),('20193706370700000007-26',12,'20193406344400000044',15,14,8.00,'2019-12-06 14:37:07','2019-12-06 14:45:57','20190119013300000033',2),('20193706370700000007-27',12,'20193406344400000044',24,14,5.00,'2019-12-06 14:37:07','2019-12-06 14:45:57','20190319030100000001',2),('20194521454400000044-18',12,'20192908295700000057',28,11,5.00,'2019-11-21 14:45:44','2020-02-21 19:44:02','20190319030100000001',2),('20194521454500000045-19',12,'20192908295700000057',29,14,7.00,'2019-11-21 14:45:45','2020-02-21 19:44:02','20192419245500000055',2),('20194521454500000045-20',12,'20192908295700000057',19,14,5.00,'2019-11-21 14:45:45','2020-02-21 19:44:02','20190319030100000001',2),('20194521454500000045-21',12,'20192908295700000057',15,14,8.00,'2019-11-21 14:45:45','2020-02-21 19:44:02','20190119013300000033',2),('20194521454500000045-22',12,'20192908295700000057',24,14,5.00,'2019-11-21 14:45:45','2020-02-21 19:44:02','20190319030100000001',2),('20195708570800000008-13',12,'20195408544200000042',28,14,5.00,'2019-11-08 15:57:08','2019-12-06 14:43:24','20190319030100000001',2),('20195708570800000008-14',12,'20195408544200000042',29,14,7.00,'2019-11-08 15:57:08','2019-12-06 14:43:24','20192419245500000055',2),('20195708570800000008-15',12,'20195408544200000042',19,10,5.00,'2019-11-08 15:57:08','2019-12-06 14:43:24','20190319030100000001',2),('20195708570800000008-16',12,'20195408544200000042',15,14,8.00,'2019-11-08 15:57:08','2019-12-06 14:43:24','20190119013300000033',2),('20195708570800000008-17',12,'20195408544200000042',24,14,5.00,'2019-11-08 15:57:08','2019-12-06 14:43:24','20190319030100000001',2),('20195903595000000050-1',12,'20190517052100000021',24,14,5.00,'2019-11-03 21:59:50','2019-11-20 22:39:20','20190319030100000001',2),('20195903595000000050-2',12,'20190517052100000021',23,14,5.00,'2019-11-03 21:59:50','2019-11-20 22:39:20','20190319030100000001',2),('20195903595000000050-3',12,'20190517052100000021',28,14,5.00,'2019-11-03 21:59:50','2019-11-20 22:39:20','20190319030100000001',2),('20195903595000000050-4',12,'20190517052100000021',29,14,7.00,'2019-11-03 21:59:50','2019-11-20 22:39:20','20192419245500000055',2),('20195903595000000050-5',12,'20190517052100000021',19,14,5.00,'2019-11-03 21:59:50','2019-11-20 22:39:20','20190319030100000001',2),('20195903595000000050-6',12,'20190517052100000021',15,14,8.00,'2019-11-03 21:59:50','2019-11-20 22:39:20','20190119013300000033',2);
/*!40000 ALTER TABLE `proyecto_planillas` ENABLE KEYS */;
UNLOCK TABLES;

--
-- Table structure for table `proyectos`
--

DROP TABLE IF EXISTS `proyectos`;
/*!40101 SET @saved_cs_client     = @@character_set_client */;
/*!40101 SET character_set_client = utf8 */;
CREATE TABLE `proyectos` (
  `id` bigint(20) unsigned NOT NULL AUTO_INCREMENT,
  `nombre` varchar(191) COLLATE utf8mb4_unicode_ci NOT NULL,
  `monto` double(8,2) NOT NULL,
  `direccion` varchar(191) COLLATE utf8mb4_unicode_ci NOT NULL,
  `fecha_inicio` date NOT NULL,
  `fecha_fin` date NOT NULL,
  `beneficiarios` varchar(191) COLLATE utf8mb4_unicode_ci NOT NULL,
  `estado` int(10) unsigned NOT NULL DEFAULT '1',
  `motivo` varchar(191) COLLATE utf8mb4_unicode_ci DEFAULT NULL,
  `fechabaja` date DEFAULT NULL,
  `created_at` timestamp NULL DEFAULT NULL,
  `updated_at` timestamp NULL DEFAULT NULL,
  `motivobaja` varchar(191) COLLATE utf8mb4_unicode_ci DEFAULT NULL,
  `estadoanterior` int(11) DEFAULT NULL,
  `pre` tinyint(1) NOT NULL DEFAULT '0',
  `monto_desarrollo` double(8,2) NOT NULL,
  `codigo_proyecto` varchar(191) COLLATE utf8mb4_unicode_ci DEFAULT NULL,
  `tipo_proyecto` int(11) DEFAULT NULL,
  `anio` int(10) unsigned DEFAULT NULL,
  `fecha_acta` datetime DEFAULT NULL,
  `motivo_pausa` varchar(191) COLLATE utf8mb4_unicode_ci DEFAULT NULL,
  `lat` double(20,18) DEFAULT NULL,
  `lng` double(20,18) DEFAULT NULL,
  PRIMARY KEY (`id`)
) ENGINE=InnoDB AUTO_INCREMENT=16 DEFAULT CHARSET=utf8mb4 COLLATE=utf8mb4_unicode_ci;
/*!40101 SET character_set_client = @saved_cs_client */;

--
-- Dumping data for table `proyectos`
--

LOCK TABLES `proyectos` WRITE;
/*!40000 ALTER TABLE `proyectos` DISABLE KEYS */;
INSERT INTO `proyectos` VALUES (1,'prueba',700.00,'hjhj','2019-06-19','2020-06-12','100 personas',13,'hhjhjh',NULL,'2019-06-19 20:35:07','2019-10-01 15:23:10',NULL,NULL,1,1000.00,'LG-001-2019',1,2019,NULL,NULL,NULL,NULL),(2,'Concreteado de calle principal',1000.00,'calle principal, frente al parque','2019-06-21','2019-10-31','100 personas',13,'para que no se arruinen los carros',NULL,'2019-06-22 02:36:59','2019-09-24 19:20:25',NULL,NULL,1,1000.00,'LG-002-2019',1,2019,'2019-09-24 11:45:30','hhh',NULL,NULL),(3,'una con varios',300.00,'por ahiiii','2019-06-24','2020-06-18','100 personas',13,'para pogbar',NULL,'2019-06-24 20:31:16','2019-06-24 20:31:16',NULL,NULL,0,1000.00,'LG-003-2019',1,2019,NULL,NULL,NULL,NULL),(4,'Proyecto con 3 fondos',2130.00,'APASTEPEQUE','2019-06-24','2020-06-23','100 personas',13,'con lo 3 fonros',NULL,'2018-06-24 20:37:02','2019-07-21 03:44:39',NULL,NULL,0,1000.00,'LG-004-2019',1,2019,NULL,NULL,NULL,NULL),(5,'ttttttttt',1000.00,'yuitiyty','2019-08-12','2020-06-30','100 personas',13,'ghjgjhgjhg',NULL,'2019-08-12 17:59:06','2019-10-12 03:08:38',NULL,NULL,1,1000.00,'LG-005-2019',1,2019,NULL,NULL,NULL,NULL),(6,'una licitation',6500.00,'iuyiuyiuy','2019-08-12','2019-10-30','100 personas',13,'yuyuyuiy',NULL,'2019-08-12 18:00:11','2019-08-12 18:00:11',NULL,NULL,0,1000.00,'LP-001-2019',2,2019,NULL,NULL,NULL,NULL),(7,'probando probando',1000.00,'hjkhkjhjkhkj','2019-09-24','2020-02-05','100 familias',13,'elfhjhkjhkj',NULL,'2019-09-24 14:23:57','2019-10-09 21:24:47',NULL,NULL,1,1000.00,'LG-004-2019',1,2019,'2019-10-09 15:23:57',NULL,NULL,NULL),(8,'probando probando 2',1000.00,'jhkjhkhkjh','2019-09-24','2020-02-05','100 familias',13,'hjkhjkhkjhkj',NULL,'2019-09-24 14:24:45','2019-10-09 16:01:12',NULL,NULL,1,1000.00,'LG-005-2019',1,2019,'2019-09-26 09:21:09','g',NULL,NULL),(11,'COn una cuenta',3000.00,'kj','2019-09-27','2019-10-16','100 personas',13,'hjkh',NULL,'2019-09-27 15:55:24','2019-10-12 02:59:08',NULL,NULL,1,1000.00,'LG-006-2019',1,2019,'2019-10-11 20:59:08',NULL,NULL,NULL),(12,'Fiestas patronales 2020',40000.00,'En el municipio de Verapaz, San Vicente','2020-03-07','2020-03-19','5000 habitantes',2,'Las fiestas patronales son para todo municipio actividades muy significativas para la promoción cultural y el crecimiento espiritual de sus habitante.',NULL,'2019-10-14 23:59:13','2020-03-02 14:56:54',NULL,NULL,1,1000.00,'LG-007-2019',1,2019,NULL,NULL,NULL,NULL),(13,'Probando probando',1000.00,'en verapaz','2019-10-17','2020-03-19','5000 habitantes',1,'para ir probando',NULL,'2019-10-17 16:07:19','2019-10-17 16:07:19',NULL,NULL,0,1000.00,'LG-009-2019',1,2019,NULL,NULL,NULL,NULL),(14,'Una licitacion para crearla',51000.00,'en la alcaldia','2020-02-24','2020-05-29','5000',4,'esta es una prueba de licitacion',NULL,'2020-02-10 15:59:53','2020-02-25 16:35:52',NULL,NULL,0,1000.00,'LP-001-2020',2,2020,NULL,NULL,NULL,NULL),(15,'gfhgfhf',5533.00,'yuytyutyutyu','2020-02-24','2020-02-28','100',1,'fgffghfghf',NULL,'2020-02-24 01:25:16','2020-02-24 01:25:16',NULL,NULL,0,555.00,'LG-001-2020',1,2020,NULL,NULL,NULL,NULL);
/*!40000 ALTER TABLE `proyectos` ENABLE KEYS */;
UNLOCK TABLES;

--
-- Table structure for table `rentas`
--

DROP TABLE IF EXISTS `rentas`;
/*!40101 SET @saved_cs_client     = @@character_set_client */;
/*!40101 SET character_set_client = utf8 */;
CREATE TABLE `rentas` (
  `id` bigint(20) unsigned NOT NULL AUTO_INCREMENT,
  `tipo_pago` varchar(191) COLLATE utf8mb4_unicode_ci NOT NULL,
  `tramo` varchar(191) COLLATE utf8mb4_unicode_ci NOT NULL,
  `desde` double(8,2) NOT NULL,
  `hasta` double(8,2) NOT NULL,
  `exceso` double(8,2) NOT NULL,
  `porcentaje` double(8,2) NOT NULL,
  `cuota_fija` double(8,2) NOT NULL,
  `created_at` timestamp NULL DEFAULT NULL,
  `updated_at` timestamp NULL DEFAULT NULL,
  PRIMARY KEY (`id`)
) ENGINE=InnoDB AUTO_INCREMENT=9 DEFAULT CHARSET=utf8mb4 COLLATE=utf8mb4_unicode_ci;
/*!40101 SET character_set_client = @saved_cs_client */;

--
-- Dumping data for table `rentas`
--

LOCK TABLES `rentas` WRITE;
/*!40000 ALTER TABLE `rentas` DISABLE KEYS */;
INSERT INTO `rentas` VALUES (1,'Mensual','I',0.01,472.00,0.00,0.00,0.00,'2019-06-26 14:39:44','2020-03-17 15:06:56'),(2,'Quincenal','I',0.01,236.00,0.00,0.00,0.00,'2019-06-26 14:39:44','2019-06-26 14:39:44'),(3,'Mensual','II',472.01,895.24,472.00,10.00,17.67,'2019-06-26 14:39:45','2019-06-26 14:39:45'),(4,'Quincenal','II',236.01,447.62,236.00,10.00,8.83,'2019-06-26 14:39:45','2019-06-26 14:39:45'),(5,'Mensual','III',895.25,2038.10,895.24,20.00,60.00,'2019-06-26 14:39:45','2019-06-26 14:39:45'),(6,'Quincenal','III',447.63,1019.05,447.62,20.00,30.00,'2019-06-26 14:39:45','2019-06-26 14:39:45'),(7,'Mensual','IV',2038.11,0.00,2038.10,30.00,288.57,'2019-06-26 14:39:45','2019-06-26 14:39:45'),(8,'Quincenal','IV',1019.06,0.00,1019.05,30.00,144.28,'2019-06-26 14:39:45','2019-06-26 14:39:45');
/*!40000 ALTER TABLE `rentas` ENABLE KEYS */;
UNLOCK TABLES;

--
-- Table structure for table `requisiciondetalles`
--

DROP TABLE IF EXISTS `requisiciondetalles`;
/*!40101 SET @saved_cs_client     = @@character_set_client */;
/*!40101 SET character_set_client = utf8 */;
CREATE TABLE `requisiciondetalles` (
  `id` varchar(191) COLLATE utf8mb4_unicode_ci NOT NULL,
  `cantidad` double(8,2) NOT NULL,
  `unidad_medida` varchar(191) COLLATE utf8mb4_unicode_ci NOT NULL,
  `requisicion_id` varchar(191) COLLATE utf8mb4_unicode_ci NOT NULL,
  `estado` int(11) NOT NULL DEFAULT '1',
  `materiale_id` varchar(191) COLLATE utf8mb4_unicode_ci NOT NULL,
  PRIMARY KEY (`id`),
  KEY `requisiciondetalles_requisicion_id_foreign` (`requisicion_id`),
  CONSTRAINT `requisiciondetalles_requisicion_id_foreign` FOREIGN KEY (`requisicion_id`) REFERENCES `requisiciones` (`id`)
) ENGINE=InnoDB DEFAULT CHARSET=utf8mb4 COLLATE=utf8mb4_unicode_ci;
/*!40101 SET character_set_client = @saved_cs_client */;

--
-- Dumping data for table `requisiciondetalles`
--

LOCK TABLES `requisiciondetalles` WRITE;
/*!40000 ALTER TABLE `requisiciondetalles` DISABLE KEYS */;
INSERT INTO `requisiciondetalles` VALUES ('20200028000600000006-4',1.00,'7','20205928593300000033',2,'20200822083500000035'),('20200121014900000049-7',3.00,'1','20202730270400000004',1,'20202322230100000001'),('20200121015700000057-8',4.00,'4','20202730270400000004',1,'20203727372800000028'),('20200130011400000014-6',4.00,'4','20202830282300000023',2,'20203727372800000028'),('20203824381300000013-9',1.00,'14','20203824380200000002',2,'20205327534800000048'),('20204527452300000023-0',4.00,'7','20205012500700000007',2,'20200822083500000035'),('20204627460300000003-1',1.00,'4','20205012500700000007',2,'20203727374400000044'),('20204627461500000015-2',1.00,'4','20205012500700000007',2,'20203727372800000028'),('20205230523000000030-5',6.00,'4','20202830282300000023',2,'20203727374400000044'),('20205928595000000050-3',1.00,'15','20205928593300000033',2,'20200322030300000003');
/*!40000 ALTER TABLE `requisiciondetalles` ENABLE KEYS */;
UNLOCK TABLES;

--
-- Table structure for table `requisiciones`
--

DROP TABLE IF EXISTS `requisiciones`;
/*!40101 SET @saved_cs_client     = @@character_set_client */;
/*!40101 SET character_set_client = utf8 */;
CREATE TABLE `requisiciones` (
  `id` varchar(191) COLLATE utf8mb4_unicode_ci NOT NULL,
  `codigo_requisicion` varchar(191) COLLATE utf8mb4_unicode_ci NOT NULL,
  `actividad` varchar(191) COLLATE utf8mb4_unicode_ci NOT NULL,
  `user_id` bigint(20) unsigned NOT NULL,
  `observaciones` varchar(191) COLLATE utf8mb4_unicode_ci NOT NULL,
  `estado` int(10) unsigned NOT NULL DEFAULT '1',
  `created_at` timestamp NULL DEFAULT NULL,
  `updated_at` timestamp NULL DEFAULT NULL,
  `unidad_id` bigint(20) unsigned DEFAULT NULL,
  `nombre_archivo` varchar(191) COLLATE utf8mb4_unicode_ci DEFAULT NULL,
  `cuenta_id` bigint(20) unsigned DEFAULT NULL,
  `fecha_actividad` date DEFAULT NULL,
  `anio` int(11) DEFAULT NULL,
  `fecha_baja` date DEFAULT NULL,
  `motivo_baja` varchar(191) COLLATE utf8mb4_unicode_ci DEFAULT NULL,
  `fecha_acta` datetime DEFAULT NULL,
  `conpresupuesto` tinyint(4) DEFAULT NULL,
  PRIMARY KEY (`id`),
  KEY `requisiciones_user_id_foreign` (`user_id`),
  KEY `requisiciones_unidad_id_foreign` (`unidad_id`),
  KEY `requisiciones_cuenta_id_foreign` (`cuenta_id`),
  CONSTRAINT `requisiciones_cuenta_id_foreign` FOREIGN KEY (`cuenta_id`) REFERENCES `cuentas` (`id`),
  CONSTRAINT `requisiciones_unidad_id_foreign` FOREIGN KEY (`unidad_id`) REFERENCES `unidads` (`id`),
  CONSTRAINT `requisiciones_user_id_foreign` FOREIGN KEY (`user_id`) REFERENCES `users` (`id`)
) ENGINE=InnoDB DEFAULT CHARSET=utf8mb4 COLLATE=utf8mb4_unicode_ci;
/*!40101 SET character_set_client = @saved_cs_client */;

--
-- Dumping data for table `requisiciones`
--

LOCK TABLES `requisiciones` WRITE;
/*!40000 ALTER TABLE `requisiciones` DISABLE KEYS */;
INSERT INTO `requisiciones` VALUES ('20190529053700000037','RQ-011-2019','Pan francés',3,'pan frances para familia de empleado',7,'2019-08-29 17:05:37','2019-08-29 20:34:03',2,'26340MARIOCARDOZA_21062019103628 (2).pdf',7,'2019-10-14',2019,NULL,NULL,NULL,1),('20191111115400000054','RQ-022-2019','hhjhkjhkjhkj',3,'ninguna',2,'2019-10-12 05:11:54','2019-10-12 05:13:06',2,NULL,NULL,'2019-10-18',2019,'2019-10-11','ggg',NULL,1),('20191202120400000004','RQ-017-2019','Con mi presupuesto',3,'nada',7,'2019-09-02 20:12:04','2019-10-12 03:11:24',2,'IMG_20191010_155055.jpg',6,'2019-09-07',2019,NULL,NULL,'2019-10-11 21:11:02',1),('20191329132400000024','RQ-002-2019','Una prueba con la forma nueva',1,'para probar',7,'2019-06-29 20:13:24','2019-07-13 02:09:28',2,'42196096.pdf',6,'2019-10-14',2019,NULL,NULL,NULL,1),('20191430141200000012','RQ-014-2019','Con ajax',3,'probando todo con ajax',7,'2019-08-30 15:14:12','2019-10-11 19:41:09',2,'Guía Mindfulness para la vida cotidiana • The Mindful Room (1).pdf',6,'2019-08-31',2019,NULL,NULL,'2019-10-11 13:40:57',1),('20191530150000000000','RQ-016-2019','jhdkjfhjhjkhjk',3,'hdfhghdgd',7,'2019-08-30 16:15:00','2019-10-15 00:30:51',2,'Diseño sin título.png',6,'2019-09-04',2019,NULL,NULL,'2019-10-14 18:30:45',1),('20191722171400000014','RQ-009-2019','Reunión',2,'Coformación de ADESCO',7,'2019-08-22 15:17:14','2019-08-29 16:49:32',5,'52926892_10218279100148956_3803577884346417152_o.jpg',7,'2019-10-14',2019,NULL,NULL,NULL,1),('20192027202900000029','RQ-0010-2019','Una nueva prueba',3,'Prueaaaaa',7,'2019-08-27 21:20:29','2019-08-29 16:20:23',2,'users (1).pdf',6,'2019-10-14',2019,NULL,NULL,NULL,1),('20192503254600000046','RQ-005-2019','Compra de resma de papel bond',2,'se requiere',7,'2019-07-03 15:25:46','2019-07-23 17:47:27',5,'users.pdf',6,'2019-10-14',2019,NULL,NULL,NULL,1),('20192628264300000043','RQ-001-2019','una pruena',1,'pruea',7,'2019-06-28 15:26:43','2019-07-12 15:12:02',4,'26340MARIOCARDOZA_21062019103628 (1).pdf',6,'2019-10-14',2019,NULL,NULL,NULL,1),('20192803283300000033','RQ-019-2019','Con mi presupuesto',3,'ninguna',7,'2019-10-03 16:28:33','2019-10-15 00:30:22',2,'Diseño sin título.png',6,'2019-10-17',2019,NULL,NULL,'2019-10-14 18:30:14',1),('20193206323000000030','RQ-006-2019','Se requieren papelería',2,'se requiere',7,'2019-07-06 16:32:30','2019-08-13 20:33:17',5,'42196096.pdf',6,'2019-10-14',2019,NULL,NULL,NULL,1),('20193302335400000054','RQ-004-2019','Compra de chequera',2,'se necesita la compra de una chequera',7,'2019-07-02 21:33:54','2019-07-12 15:25:05',5,'1562433219731TDR GUIAS FAMILIARES.pdf',6,'2019-10-14',2019,NULL,NULL,NULL,1),('20193410345400000054','RQ-007-2019','compra de papeleria',2,'papeleria',7,'2019-07-10 22:34:54','2019-08-29 16:50:12',5,'hoja de servicio tc 14082018 (4) (1).xls',6,'2019-10-14',2019,NULL,NULL,NULL,1),('20193529350300000003','RQ-012-2019','Prueba prueba',2,'chequera',7,'2019-08-29 20:35:03','2019-10-15 00:34:17',5,'Diseño sin título.png',7,'2019-10-14',2019,NULL,NULL,'2019-10-14 18:34:02',1),('20193530355800000058','RQ-015-2019','otoooroarkaevsf',3,'Pruena',7,'2019-08-30 15:35:58','2019-10-15 00:33:28',2,'Diseño sin título.png',7,'2019-08-31',2019,NULL,NULL,'2019-10-14 18:33:21',1),('20193609362400000024','RQ-021-2019','nueva prueba',3,'ninguna',7,'2019-10-09 21:36:24','2019-10-15 00:32:00',2,'Diseño sin título.png',6,'2019-10-17',2019,NULL,NULL,'2019-10-14 18:31:55',1),('20193620362500000025','RQ-008-2019','Una prueba sin fondo',3,'probando probando',7,'2019-08-20 16:36:25','2019-08-22 14:45:04',2,'26340MARIOCARDOZA_21062019103628.pdf',6,'2019-10-14',2019,NULL,NULL,NULL,1),('20193816384900000049','RQ-023-2019','Papelería',3,'ninguna',7,'2019-10-16 19:38:49','2019-10-16 19:59:40',2,'backup-icon.png',9,'2019-10-25',2019,NULL,NULL,'2019-10-16 13:58:27',1),('20194009401500000015','RQ-020-2019','Probando probando 2',3,'ninguna',7,'2019-10-09 16:40:15','2019-10-09 19:30:37',2,'44064900.pdf',6,'2019-10-18',2019,NULL,NULL,'2019-10-09 13:29:58',1),('20194629464200000042','RQ-013-2019','sgfdgfg',2,'gg',2,'2019-08-29 20:46:42','2019-08-29 21:09:43',4,NULL,NULL,'2019-08-30',2019,'2019-08-29','mal elaborado',NULL,1),('20195204520300000003','RQ-018-2019','gffg',2,'fgfgf',7,'2019-09-04 15:52:03','2019-10-15 00:30:33',5,'Diseño sin título.png',7,'2019-09-06',2019,NULL,NULL,'2019-09-26 09:24:06',1),('20195701570700000007','RQ-003-2019','Celebración día de la mujer',1,'para celebrar',7,'2019-07-01 16:57:07','2019-08-13 20:32:49',3,'26340MARIOCARDOZA_21062019103628 (1).pdf',6,'2019-10-14',2019,NULL,NULL,NULL,1),('20200528055700000057','RQ-003-2020','Compras de chequeras',2,'ninguna',1,'2020-01-28 17:05:57','2020-01-28 17:05:57',5,NULL,NULL,'2020-02-04',2020,NULL,NULL,NULL,1),('20202730270400000004','RQ-004-2020','prueba con una de emergencia',3,'ninguna',1,'2020-01-30 15:27:04','2020-01-30 15:27:04',2,NULL,NULL,'2020-01-22',2020,NULL,NULL,NULL,0),('20202830282300000023','RQ-005-2020','y definitiva',3,'ninguna',5,'2020-01-30 15:28:24','2020-02-24 15:27:35',2,NULL,7,'2020-01-22',2020,NULL,NULL,NULL,0),('20202830284300000043','RQ-006-2020','sgsfgsfgsgsg',3,'ninguna',2,'2020-01-30 17:28:43','2020-02-10 15:23:40',2,NULL,NULL,'2020-01-31',2020,'2020-02-10','paso el tiempo y no se definieron los requerimientos',NULL,1),('20203824380200000002','RQ-007-2020','una prueba para asesoria',2,'ninguna',5,'2020-02-24 14:38:02','2020-02-24 14:41:07',5,NULL,6,'2020-02-26',2020,NULL,NULL,NULL,0),('20205012500700000007','RQ-001-2020','Ya para el año 2020',3,'primera del año',7,'2020-01-12 21:50:07','2020-01-27 18:28:30',2,'IMG_20191225_162111_082.jpg',9,'2020-01-30',2020,NULL,NULL,'2020-01-27 12:27:30',1),('20205928593300000033','RQ-002-2020','una con servicios',3,'ninguna',6,'2020-01-28 15:59:33','2020-01-28 16:17:09',2,NULL,6,'2020-02-12',2020,NULL,NULL,'2020-01-28 10:17:09',1);
/*!40000 ALTER TABLE `requisiciones` ENABLE KEYS */;
UNLOCK TABLES;

--
-- Table structure for table `retencions`
--

DROP TABLE IF EXISTS `retencions`;
/*!40101 SET @saved_cs_client     = @@character_set_client */;
/*!40101 SET character_set_client = utf8 */;
CREATE TABLE `retencions` (
  `id` bigint(20) unsigned NOT NULL AUTO_INCREMENT,
  `created_at` timestamp NULL DEFAULT NULL,
  `updated_at` timestamp NULL DEFAULT NULL,
  `nombre` varchar(191) COLLATE utf8mb4_unicode_ci NOT NULL,
  `porcentaje` double(8,2) NOT NULL,
  `techo` double(8,2) NOT NULL,
  `tipo` tinyint(1) NOT NULL DEFAULT '0',
  PRIMARY KEY (`id`)
) ENGINE=InnoDB AUTO_INCREMENT=6 DEFAULT CHARSET=utf8mb4 COLLATE=utf8mb4_unicode_ci;
/*!40101 SET character_set_client = @saved_cs_client */;

--
-- Dumping data for table `retencions`
--

LOCK TABLES `retencions` WRITE;
/*!40000 ALTER TABLE `retencions` DISABLE KEYS */;
INSERT INTO `retencions` VALUES (1,'2019-06-26 14:39:45','2019-06-26 14:39:45','ISSSE',3.00,1000.00,0),(2,'2019-06-26 14:39:45','2019-06-26 14:39:45','ISSSP',7.50,1000.00,1),(3,'2019-06-26 14:39:45','2019-06-26 14:39:45','AFPE',7.25,6500.00,0),(4,'2019-06-26 14:39:45','2019-06-26 14:39:45','AFPP',7.75,6500.00,1),(5,'2019-06-26 14:39:45','2020-03-13 16:14:19','INSAFORPP',1.00,1000.00,1);
/*!40000 ALTER TABLE `retencions` ENABLE KEYS */;
UNLOCK TABLES;

--
-- Table structure for table `role_user`
--

DROP TABLE IF EXISTS `role_user`;
/*!40101 SET @saved_cs_client     = @@character_set_client */;
/*!40101 SET character_set_client = utf8 */;
CREATE TABLE `role_user` (
  `id` bigint(20) unsigned NOT NULL AUTO_INCREMENT,
  `role_id` bigint(20) unsigned NOT NULL,
  `user_id` bigint(20) unsigned NOT NULL,
  `created_at` timestamp NULL DEFAULT NULL,
  `updated_at` timestamp NULL DEFAULT NULL,
  PRIMARY KEY (`id`),
  KEY `role_user_role_id_foreign` (`role_id`),
  KEY `role_user_user_id_foreign` (`user_id`),
  CONSTRAINT `role_user_role_id_foreign` FOREIGN KEY (`role_id`) REFERENCES `roles` (`id`),
  CONSTRAINT `role_user_user_id_foreign` FOREIGN KEY (`user_id`) REFERENCES `users` (`id`)
) ENGINE=InnoDB AUTO_INCREMENT=7 DEFAULT CHARSET=utf8mb4 COLLATE=utf8mb4_unicode_ci;
/*!40101 SET character_set_client = @saved_cs_client */;

--
-- Dumping data for table `role_user`
--

LOCK TABLES `role_user` WRITE;
/*!40000 ALTER TABLE `role_user` DISABLE KEYS */;
INSERT INTO `role_user` VALUES (1,1,1,'2019-06-19 15:36:41','2019-10-07 15:29:09'),(2,3,2,'2019-06-25 21:26:03','2019-10-07 16:52:41'),(3,2,3,'2019-06-27 22:23:05','2019-10-07 15:31:33'),(5,7,4,'2019-10-07 20:25:13','2020-02-25 17:57:47'),(6,4,5,'2020-03-13 14:48:18','2020-03-13 14:48:18');
/*!40000 ALTER TABLE `role_user` ENABLE KEYS */;
UNLOCK TABLES;

--
-- Table structure for table `roles`
--

DROP TABLE IF EXISTS `roles`;
/*!40101 SET @saved_cs_client     = @@character_set_client */;
/*!40101 SET character_set_client = utf8 */;
CREATE TABLE `roles` (
  `id` bigint(20) unsigned NOT NULL AUTO_INCREMENT,
  `name` varchar(191) COLLATE utf8mb4_unicode_ci NOT NULL,
  `description` varchar(191) COLLATE utf8mb4_unicode_ci NOT NULL,
  `created_at` timestamp NULL DEFAULT NULL,
  `updated_at` timestamp NULL DEFAULT NULL,
  PRIMARY KEY (`id`)
) ENGINE=InnoDB AUTO_INCREMENT=8 DEFAULT CHARSET=utf8mb4 COLLATE=utf8mb4_unicode_ci;
/*!40101 SET character_set_client = @saved_cs_client */;

--
-- Dumping data for table `roles`
--

LOCK TABLES `roles` WRITE;
/*!40000 ALTER TABLE `roles` DISABLE KEYS */;
INSERT INTO `roles` VALUES (1,'admin','Administrador','2019-06-19 15:34:24','2019-06-19 15:34:24'),(2,'uaci','Jefe de la Unidad de Adquisiciones y Contrataciones Institucionales','2019-06-19 15:34:24','2019-06-19 15:34:24'),(3,'tesoreria','Jefe de Tesorería','2019-06-19 15:34:25','2019-06-19 15:34:25'),(4,'catastro','Jefe de Registro y Control Tributario','2019-06-19 15:34:25','2019-06-19 15:34:25'),(5,'colector','Colecturía','2019-06-19 15:34:25','2019-06-19 15:34:25'),(6,'usuario','Usuario','2019-06-19 15:34:25','2019-06-19 15:34:25'),(7,'proyectos','Jefe de la Unidad de Proyectos','2019-10-18 16:09:06','2019-10-18 16:09:09');
/*!40000 ALTER TABLE `roles` ENABLE KEYS */;
UNLOCK TABLES;

--
-- Table structure for table `rubros`
--

DROP TABLE IF EXISTS `rubros`;
/*!40101 SET @saved_cs_client     = @@character_set_client */;
/*!40101 SET character_set_client = utf8 */;
CREATE TABLE `rubros` (
  `id` bigint(20) unsigned NOT NULL AUTO_INCREMENT,
  `nombre` varchar(191) COLLATE utf8mb4_unicode_ci NOT NULL,
  `porcentaje` double(2,2) NOT NULL,
  `estado` int(11) NOT NULL DEFAULT '1',
  `created_at` timestamp NULL DEFAULT NULL,
  `updated_at` timestamp NULL DEFAULT NULL,
  PRIMARY KEY (`id`)
) ENGINE=InnoDB AUTO_INCREMENT=2 DEFAULT CHARSET=utf8mb4 COLLATE=utf8mb4_unicode_ci;
/*!40101 SET character_set_client = @saved_cs_client */;

--
-- Dumping data for table `rubros`
--

LOCK TABLES `rubros` WRITE;
/*!40000 ALTER TABLE `rubros` DISABLE KEYS */;
INSERT INTO `rubros` VALUES (1,'Pulpería',0.50,1,'2020-03-13 15:08:49','2020-03-13 15:09:08');
/*!40000 ALTER TABLE `rubros` ENABLE KEYS */;
UNLOCK TABLES;

--
-- Table structure for table `servicios`
--

DROP TABLE IF EXISTS `servicios`;
/*!40101 SET @saved_cs_client     = @@character_set_client */;
/*!40101 SET character_set_client = utf8 */;
CREATE TABLE `servicios` (
  `id` bigint(20) unsigned NOT NULL AUTO_INCREMENT,
  `nombre` varchar(191) COLLATE utf8mb4_unicode_ci NOT NULL,
  `fecha_contrato` date NOT NULL,
  `estado` int(11) NOT NULL DEFAULT '1',
  `created_at` timestamp NULL DEFAULT NULL,
  `updated_at` timestamp NULL DEFAULT NULL,
  PRIMARY KEY (`id`)
) ENGINE=InnoDB AUTO_INCREMENT=5 DEFAULT CHARSET=utf8mb4 COLLATE=utf8mb4_unicode_ci;
/*!40101 SET character_set_client = @saved_cs_client */;

--
-- Dumping data for table `servicios`
--

LOCK TABLES `servicios` WRITE;
/*!40000 ALTER TABLE `servicios` DISABLE KEYS */;
INSERT INTO `servicios` VALUES (1,'Operadora DelSur','2012-06-13',1,'2019-11-21 21:18:00','2019-11-21 21:18:00'),(2,'EMADE (Agua potable)','2014-01-07',1,'2019-11-21 21:19:12','2019-11-21 21:19:12'),(3,'Claro El Salvador','2017-05-02',1,'2019-11-21 21:22:49','2019-11-21 21:22:49'),(4,'MIDES','2019-12-06',1,'2019-12-06 14:50:41','2019-12-06 14:50:41');
/*!40000 ALTER TABLE `servicios` ENABLE KEYS */;
UNLOCK TABLES;

--
-- Table structure for table `servicios_pagos`
--

DROP TABLE IF EXISTS `servicios_pagos`;
/*!40101 SET @saved_cs_client     = @@character_set_client */;
/*!40101 SET character_set_client = utf8 */;
CREATE TABLE `servicios_pagos` (
  `id` varchar(191) COLLATE utf8mb4_unicode_ci NOT NULL,
  `servicio_id` bigint(20) unsigned NOT NULL,
  `cuenta_id` bigint(20) unsigned NOT NULL,
  `monto` double(8,2) NOT NULL,
  `fecha_pago` date NOT NULL,
  `estado` int(11) NOT NULL DEFAULT '1',
  `anio` int(11) NOT NULL,
  `mes` varchar(191) COLLATE utf8mb4_unicode_ci NOT NULL,
  `archivo` varchar(191) COLLATE utf8mb4_unicode_ci DEFAULT NULL,
  `created_at` timestamp NULL DEFAULT NULL,
  `updated_at` timestamp NULL DEFAULT NULL,
  PRIMARY KEY (`id`),
  KEY `servicios_pagos_servicio_id_foreign` (`servicio_id`),
  KEY `servicios_pagos_cuenta_id_foreign` (`cuenta_id`),
  CONSTRAINT `servicios_pagos_cuenta_id_foreign` FOREIGN KEY (`cuenta_id`) REFERENCES `cuentas` (`id`),
  CONSTRAINT `servicios_pagos_servicio_id_foreign` FOREIGN KEY (`servicio_id`) REFERENCES `servicios` (`id`)
) ENGINE=InnoDB DEFAULT CHARSET=utf8mb4 COLLATE=utf8mb4_unicode_ci;
/*!40101 SET character_set_client = @saved_cs_client */;

--
-- Dumping data for table `servicios_pagos`
--

LOCK TABLES `servicios_pagos` WRITE;
/*!40000 ALTER TABLE `servicios_pagos` DISABLE KEYS */;
/*!40000 ALTER TABLE `servicios_pagos` ENABLE KEYS */;
UNLOCK TABLES;

--
-- Table structure for table `solicitudcotizaciondetalles`
--

DROP TABLE IF EXISTS `solicitudcotizaciondetalles`;
/*!40101 SET @saved_cs_client     = @@character_set_client */;
/*!40101 SET character_set_client = utf8 */;
CREATE TABLE `solicitudcotizaciondetalles` (
  `id` int(10) unsigned NOT NULL AUTO_INCREMENT,
  `cantidad` int(11) NOT NULL,
  `solicitud_id` bigint(20) unsigned NOT NULL,
  `estado` int(11) NOT NULL DEFAULT '1',
  `created_at` timestamp NULL DEFAULT NULL,
  `updated_at` timestamp NULL DEFAULT NULL,
  `material_id` varchar(191) COLLATE utf8mb4_unicode_ci NOT NULL,
  PRIMARY KEY (`id`),
  KEY `solicitudcotizaciondetalles_solicitud_id_foreign` (`solicitud_id`),
  CONSTRAINT `solicitudcotizaciondetalles_solicitud_id_foreign` FOREIGN KEY (`solicitud_id`) REFERENCES `solicitudcotizacions` (`id`)
) ENGINE=InnoDB AUTO_INCREMENT=14 DEFAULT CHARSET=utf8mb4 COLLATE=utf8mb4_unicode_ci;
/*!40101 SET character_set_client = @saved_cs_client */;

--
-- Dumping data for table `solicitudcotizaciondetalles`
--

LOCK TABLES `solicitudcotizaciondetalles` WRITE;
/*!40000 ALTER TABLE `solicitudcotizaciondetalles` DISABLE KEYS */;
INSERT INTO `solicitudcotizaciondetalles` VALUES (6,4,82,1,'2020-01-27 18:06:26','2020-01-27 18:06:26','20200822083500000035'),(7,1,82,1,'2020-01-27 18:06:26','2020-01-27 18:06:26','20203727374400000044'),(8,1,82,1,'2020-01-27 18:06:26','2020-01-27 18:06:26','20203727372800000028'),(9,1,83,1,'2020-01-28 16:01:01','2020-01-28 16:01:01','20200822083500000035'),(10,1,84,1,'2020-01-28 16:01:30','2020-01-28 16:01:30','20200322030300000003'),(11,4,85,1,'2020-02-05 16:02:57','2020-02-05 16:02:57','20203727372800000028'),(12,6,85,1,'2020-02-05 16:02:57','2020-02-05 16:02:57','20203727374400000044'),(13,1,86,1,'2020-02-24 14:39:21','2020-02-24 14:39:21','20205327534800000048');
/*!40000 ALTER TABLE `solicitudcotizaciondetalles` ENABLE KEYS */;
UNLOCK TABLES;

--
-- Table structure for table `solicitudcotizacions`
--

DROP TABLE IF EXISTS `solicitudcotizacions`;
/*!40101 SET @saved_cs_client     = @@character_set_client */;
/*!40101 SET character_set_client = utf8 */;
CREATE TABLE `solicitudcotizacions` (
  `id` bigint(20) unsigned NOT NULL AUTO_INCREMENT,
  `formapago_id` bigint(20) unsigned NOT NULL,
  `unidad` varchar(191) COLLATE utf8mb4_unicode_ci DEFAULT NULL,
  `encargado` varchar(191) COLLATE utf8mb4_unicode_ci DEFAULT NULL,
  `cargo_encargado` varchar(191) COLLATE utf8mb4_unicode_ci DEFAULT NULL,
  `lugar_entrega` varchar(191) COLLATE utf8mb4_unicode_ci NOT NULL,
  `created_at` timestamp NULL DEFAULT NULL,
  `updated_at` timestamp NULL DEFAULT NULL,
  `estado` int(11) NOT NULL DEFAULT '1',
  `motivobaja` varchar(191) COLLATE utf8mb4_unicode_ci DEFAULT NULL,
  `fechabaja` date DEFAULT NULL,
  `numero_solicitud` varchar(191) COLLATE utf8mb4_unicode_ci DEFAULT NULL,
  `fecha_limite` date DEFAULT NULL,
  `tiempo_entrega` varchar(191) COLLATE utf8mb4_unicode_ci DEFAULT NULL,
  `tipo` int(11) DEFAULT NULL,
  `requisicion_id` varchar(200) COLLATE utf8mb4_unicode_ci DEFAULT NULL,
  `proyecto_id` bigint(20) unsigned DEFAULT NULL,
  PRIMARY KEY (`id`),
  KEY `solicitudcotizacions_formapago_id_foreign` (`formapago_id`),
  KEY `solicitudcotizacions_proyecto_id_foreign` (`proyecto_id`),
  KEY `solicitudcotizacions_requisicion_id_foreign` (`requisicion_id`),
  CONSTRAINT `solicitudcotizacions_formapago_id_foreign` FOREIGN KEY (`formapago_id`) REFERENCES `formapagos` (`id`),
  CONSTRAINT `solicitudcotizacions_proyecto_id_foreign` FOREIGN KEY (`proyecto_id`) REFERENCES `proyectos` (`id`),
  CONSTRAINT `solicitudcotizacions_requisicion_id_foreign` FOREIGN KEY (`requisicion_id`) REFERENCES `requisiciones` (`id`)
) ENGINE=InnoDB AUTO_INCREMENT=87 DEFAULT CHARSET=utf8mb4 COLLATE=utf8mb4_unicode_ci;
/*!40101 SET character_set_client = @saved_cs_client */;

--
-- Dumping data for table `solicitudcotizacions`
--

LOCK TABLES `solicitudcotizacions` WRITE;
/*!40000 ALTER TABLE `solicitudcotizacions` DISABLE KEYS */;
INSERT INTO `solicitudcotizacions` VALUES (9,1,NULL,'Diana Portillo','Administrador','En la alcaldia','2019-07-11 15:02:01','2019-07-11 16:15:35',4,NULL,NULL,'001-2019','2019-07-10','10 dias habiles',2,'20192628264300000043',NULL),(10,1,NULL,'Diana Portillo','Jefe de Tesorería','en la alcaldia','2019-07-11 15:34:27','2019-07-11 16:15:21',4,NULL,NULL,'002-2019','2019-07-10','10 días hábiles',2,'20193302335400000054',NULL),(11,1,NULL,'Diana Portillo','Administrador','En la alcaldía','2019-07-13 02:02:18','2019-07-13 02:07:55',4,NULL,NULL,'003-2019','2019-07-11','10 dias hábiles',2,'20191329132400000024',NULL),(12,1,NULL,'Diana Portillo','Administrador','gggg','2019-07-13 18:32:57','2019-07-13 18:32:57',1,NULL,NULL,'004-2019','2019-07-13','gggg',2,'20195701570700000007',NULL),(14,1,NULL,'Diana Portillo','Jefe de Tesorería','En la alcaldia','2019-07-22 20:46:33','2019-07-23 16:39:48',4,NULL,NULL,'005-2019','2019-07-22','10 dias habiles',2,'20192503254600000046',NULL),(15,1,NULL,'Diana Portillo','Jefe de Tesorería','En la alcaldía','2019-07-22 21:19:53','2019-07-23 16:54:51',4,NULL,NULL,'006-2019','2019-07-22','10 dias hábiles',2,'20192503254600000046',NULL),(16,1,NULL,'Diana Portillo','Jefe de Tesorería','En la alcaldía','2019-07-26 17:05:59','2019-08-05 19:37:02',4,NULL,NULL,'007-2019','2019-07-26','1 día hábil',2,'20193206323000000030',NULL),(17,1,NULL,'Diana Portillo','Jefe de Tesorería','en la alcaldía','2019-07-26 17:06:34','2019-07-26 17:06:34',1,NULL,NULL,'008-2019','2019-07-26','1 día habil',2,'20193206323000000030',NULL),(18,1,NULL,'Diana Portillo','Jefe de Tesorería','hjhjhj','2019-07-29 20:40:52','2019-08-03 21:59:11',4,NULL,NULL,'009-2019','2019-07-30','1',2,'20193410345400000054',NULL),(19,1,NULL,'Diana Portillo','Jefe de Tesorería','hjhjhj','2019-07-29 20:41:15','2019-08-03 22:06:57',4,NULL,NULL,'0010-2019','2019-07-30','11',2,'20193410345400000054',NULL),(20,1,NULL,'Diana Portillo','Jefe de Tesorería','hhhh','2019-07-29 22:00:16','2019-08-19 15:11:42',4,NULL,NULL,'011-2019','2019-07-30','1',2,'20193410345400000054',NULL),(21,1,NULL,'Diana Portillo','Administrador','alcaldia','2019-08-12 20:21:06','2019-08-13 15:41:13',4,NULL,NULL,'012-2019','2019-08-15','1 dia habil',2,'20195701570700000007',NULL),(22,1,NULL,'Diana Portillo','Jefe de la Unidad de Adquisiciones y Contrataciones Institucionales','en la alcaldia','2019-08-22 14:40:45','2019-08-22 14:42:27',4,NULL,NULL,'013-2019','2019-08-23','1 dia habil',2,'20193620362500000025',NULL),(23,1,NULL,'Diana Portillo','Jefe de la Unidad de Adquisiciones y Contrataciones Institucionales','en la alcaldia','2019-08-22 14:41:11','2019-08-22 14:42:14',4,NULL,NULL,'014-2019','2019-08-23','1 dia habil',2,'20193620362500000025',NULL),(24,1,NULL,'Diana Portillo','Jefe de Tesorería','Alcaldia municipal','2019-08-22 15:45:15','2019-08-27 20:35:36',4,NULL,NULL,'015-2019','2019-08-23','entrega inmediata',2,'20191722171400000014',NULL),(25,1,NULL,'Diana Portillo','Jefe de Tesorería','En la alcadia','2019-08-22 15:46:59','2019-08-22 15:50:39',4,NULL,NULL,'016-2019','2019-08-23','inmediato',2,'20191722171400000014',NULL),(26,1,NULL,'Diana Portillo','Jefe de la Unidad de Adquisiciones y Contrataciones Institucionales','hjhjk','2019-08-27 21:22:54','2019-08-29 15:53:05',4,NULL,NULL,'017-2019','2019-08-27','r',2,'20192027202900000029',NULL),(27,1,NULL,'Diana Portillo','Jefe de la Unidad de Adquisiciones y Contrataciones Institucionales','En la alcaldía','2019-08-29 19:40:12','2019-08-29 19:40:57',4,NULL,NULL,'018-2019','2019-08-29','1 día hábil',2,'20190529053700000037',NULL),(28,1,NULL,'Diana Portillo','Jefe de la Unidad de Adquisiciones y Contrataciones Institucionales','En la alcaldia','2019-08-29 19:40:34','2019-08-29 19:41:12',4,NULL,NULL,'019-2019','2019-08-29','1 dia hábil',2,'20190529053700000037',NULL),(29,1,NULL,'Diana Portillo','Jefe de Tesorería','eee','2019-08-29 21:31:41','2019-08-29 21:33:20',4,NULL,NULL,'020-2019','2019-08-30','1 dia hábil',2,'20193529350300000003',NULL),(30,1,NULL,'Diana Portillo','Jefe de la Unidad de Adquisiciones y Contrataciones Institucionales','En la alcaldia','2019-08-30 15:18:50','2019-08-30 15:31:09',4,NULL,NULL,'021-2019','2019-08-31','1',2,'20191430141200000012',NULL),(31,1,NULL,'Diana Portillo','Jefe de la Unidad de Adquisiciones y Contrataciones Institucionales','En la alcaldia','2019-08-30 16:08:43','2019-10-15 00:32:39',4,NULL,NULL,'022-2019','2019-08-31','1 día hábil',2,'20193530355800000058',NULL),(32,1,NULL,'Diana Portillo','Jefe de la Unidad de Adquisiciones y Contrataciones Institucionales','En la alcaldia','2019-08-30 16:57:00','2019-08-30 17:37:34',4,NULL,NULL,'023-2019','2019-08-31','1 día hábil',2,'20191530150000000000',NULL),(37,1,NULL,'Diana Portillo','Jefe de la Unidad de Adquisiciones y Contrataciones Institucionales','En la alcaldía','2019-09-04 15:34:00','2019-09-16 20:36:52',4,NULL,NULL,'024-2019','2019-09-06','mañana',2,'20191202120400000004',NULL),(39,1,NULL,'Diana Portillo','Jefe de la Unidad de Adquisiciones y Contrataciones Institucionales','En la alcaldia','2019-09-21 17:54:19','2019-09-23 16:12:36',4,NULL,NULL,'025-2019','2019-09-27','1 dia hábil',1,NULL,2),(40,1,NULL,'Diana Portillo','Jefe de la Unidad de Adquisiciones y Contrataciones Institucionales','En la alcaldia','2019-09-23 15:38:13','2019-09-23 16:05:51',4,NULL,NULL,'026-2019','2019-09-28','1 dia habil',1,NULL,2),(41,1,NULL,'Diana Portillo','Jefe de la Unidad de Adquisiciones y Contrataciones Institucionales','En la alaldia','2019-09-23 15:40:48','2019-09-23 16:14:38',4,NULL,NULL,'027-2019','2019-09-27','1 dia',1,NULL,2),(42,1,NULL,'Diana Portillo','Jefe de la Unidad de Adquisiciones y Contrataciones Institucionales','En la alcaldía','2019-09-26 14:32:57','2019-09-26 15:05:10',4,NULL,NULL,'028-2019','2019-10-11','1 dia hábil',1,NULL,1),(43,1,NULL,'Diana Portillo','Jefe de la Unidad de Adquisiciones y Contrataciones Institucionales','En la alcaldia','2019-09-26 14:35:59','2019-09-26 15:05:47',4,NULL,NULL,'029-2019','2019-10-04','1 dia habil',1,NULL,1),(45,1,NULL,'Diana Portillo','Jefe de la Unidad de Adquisiciones y Contrataciones Institucionales','En la alladia','2019-09-26 14:44:48','2019-09-26 15:08:58',4,NULL,NULL,'030-2019','2019-10-04','1 dia habil',1,NULL,1),(49,1,NULL,'Diana Portillo','Jefe de Tesorería','en la alcaldia','2019-09-26 14:55:37','2019-09-26 15:22:20',4,NULL,NULL,'031-2019','2019-10-04','1 dia',2,'20195204520300000003',NULL),(50,1,NULL,'Diana Portillo','Jefe de la Unidad de Adquisiciones y Contrataciones Institucionales','Alcaldia','2019-09-26 15:14:38','2019-09-26 15:16:04',4,NULL,NULL,'032-2019','2019-09-27','1 dia',1,NULL,8),(51,1,NULL,'Diana Portillo','Jefe de la Unidad de Adquisiciones y Contrataciones Institucionales','alcaldia','2019-09-26 15:14:58','2019-09-26 15:16:10',4,NULL,NULL,'033-2019','2019-09-27','1 dia',1,NULL,8),(52,1,NULL,'Diana Portillo','Jefe de la Unidad de Adquisiciones y Contrataciones Institucionales','alcaldia','2019-09-26 15:15:21','2019-09-26 15:16:14',4,NULL,NULL,'034-2019','2019-09-27','1 dia',1,NULL,8),(53,1,NULL,'Diana Portillo','Jefe de la Unidad de Adquisiciones y Contrataciones Institucionales','en la alcladia','2019-10-03 16:31:48','2019-10-03 16:32:54',4,NULL,NULL,'035-2019','2019-10-10','1 dia habil',2,'20192803283300000033',NULL),(54,1,NULL,'Diana Portillo','Jefe de la Unidad de Adquisiciones y Contrataciones Institucionales','En la alcaldia','2019-10-09 17:18:30','2019-10-09 17:50:42',4,NULL,NULL,'036-2019','2019-10-17','1 día antes',2,'20194009401500000015',NULL),(55,1,NULL,'Diana Portillo','Jefe de la Unidad de Adquisiciones y Contrataciones Institucionales','En la alcaldia','2019-10-09 19:57:06','2019-10-09 21:11:25',4,NULL,NULL,'072-2019','2019-10-17','1 dia despues de entregada la orden de compra',1,NULL,7),(56,1,NULL,'Diana Portillo','Jefe de la Unidad de Adquisiciones y Contrataciones Institucionales','En la alcaldia','2019-10-09 19:57:48','2019-10-09 21:23:28',4,NULL,NULL,'074-2019','2019-10-17','1 dia desues',1,NULL,7),(57,1,NULL,'Diana Portillo','Jefe de la Unidad de Adquisiciones y Contrataciones Institucionales','En la alcaldia','2019-10-09 20:56:51','2019-10-09 21:06:23',4,NULL,NULL,'076-2019','2019-10-17','1 dia habil',1,NULL,11),(58,1,NULL,'Diana Portillo','Jefe de la Unidad de Adquisiciones y Contrataciones Institucionales','En la alcaldia','2019-10-09 21:05:47','2019-10-09 21:08:22',4,NULL,NULL,'078-2019','2019-10-17','1 dia hábil',1,NULL,11),(59,1,NULL,'Diana Portillo','Jefe de la Unidad de Adquisiciones y Contrataciones Institucionales','EN la alcaldia','2019-10-09 22:10:17','2019-10-15 00:31:34',4,NULL,NULL,'041-2019','2019-10-15','1 dia',2,'20193609362400000024',NULL),(60,2,NULL,'Diana Portillo','Jefe de la Unidad de Adquisiciones y Contrataciones Institucionales','Alcaldía de Verapaz','2019-10-16 19:25:22','2019-10-16 19:27:24',4,NULL,NULL,'042-2019','2019-10-25','2 días',1,NULL,12),(61,4,NULL,'Diana Portillo','Jefe de la Unidad de Adquisiciones y Contrataciones Institucionales','En la alcaldia','2019-10-16 19:46:39','2019-10-16 19:54:30',4,NULL,NULL,'043-2019','2019-10-21','1 dia',2,'20193816384900000049',NULL),(62,1,NULL,'Diana Portillo','Jefe de la Unidad de Adquisiciones y Contrataciones Institucionales','En la alcaldia','2019-10-17 16:00:38','2019-10-17 16:00:38',1,NULL,NULL,'044-2019','2019-10-24','1 día hábil',1,NULL,12),(63,4,NULL,'Diana Portillo','Jefe de la Unidad de Adquisiciones y Contrataciones Institucionales','En la alcaldia','2019-10-17 16:01:17','2019-10-17 16:01:17',1,NULL,NULL,'045-2019','2019-10-24','1 día hábil',1,NULL,12),(64,6,NULL,'Diana Portillo','Jefe de la Unidad de Adquisiciones y Contrataciones Institucionales','En la alcaldia','2019-10-17 18:40:31','2019-10-17 18:40:31',1,NULL,NULL,'046-2019','2019-10-24','1',1,NULL,12),(65,5,NULL,'Diana Portillo','Jefe de la Unidad de Adquisiciones y Contrataciones Institucionales','En la alcaldia','2019-10-17 18:51:03','2019-10-17 18:51:03',1,NULL,NULL,'047-2019','2019-10-24','1 dia hábil',1,NULL,12),(66,5,NULL,'Diana Portillo','Jefe de la Unidad de Adquisiciones y Contrataciones Institucionales','En la alcaldia','2019-10-17 18:51:21','2019-10-17 18:51:21',1,NULL,NULL,'048-2019','2019-10-31','1 dia antes',1,NULL,12),(82,6,NULL,'Diana Portillo','Jefe de la Unidad de Adquisiciones y Contrataciones Institucionales','En la alcaldía','2020-01-27 18:06:26','2020-01-27 18:24:05',4,NULL,NULL,'001-2020','2020-01-28','1 día hábil',2,'20205012500700000007',NULL),(83,2,NULL,'Diana Portillo','Jefe de la Unidad de Adquisiciones y Contrataciones Institucionales','En la municipalidad','2020-01-28 16:01:01','2020-01-28 16:02:20',4,NULL,NULL,'002-2020','2020-02-07','1 día hábil',2,'20205928593300000033',NULL),(84,3,NULL,'Diana Portillo','Jefe de la Unidad de Adquisiciones y Contrataciones Institucionales','En la alcaldia','2020-01-28 16:01:30','2020-01-28 16:02:15',4,NULL,NULL,'003-2020','2020-02-07','1 día hábil',2,'20205928593300000033',NULL),(85,1,NULL,'Diana Portillo','Jefe de la Unidad de Adquisiciones y Contrataciones Institucionales','En la municipalidad','2020-02-05 16:02:57','2020-02-05 16:31:40',4,NULL,NULL,'004-2020','2020-01-21','1 día hábil',2,'20202830282300000023',NULL),(86,1,NULL,'Diana Portillo','Jefe de la Unidad de Adquisiciones y Contrataciones Institucionales','En la alcaldía','2020-02-24 14:39:21','2020-02-24 14:39:37',4,NULL,NULL,'005-2020','2020-02-25','1 día hábil',2,'20203824380200000002',NULL);
/*!40000 ALTER TABLE `solicitudcotizacions` ENABLE KEYS */;
UNLOCK TABLES;

--
-- Table structure for table `tipocobros`
--

DROP TABLE IF EXISTS `tipocobros`;
/*!40101 SET @saved_cs_client     = @@character_set_client */;
/*!40101 SET character_set_client = utf8 */;
CREATE TABLE `tipocobros` (
  `id` bigint(20) unsigned NOT NULL AUTO_INCREMENT,
  `nombre_cobro` varchar(191) COLLATE utf8mb4_unicode_ci NOT NULL,
  `monto` double(8,2) NOT NULL,
  `created_at` timestamp NULL DEFAULT NULL,
  `updated_at` timestamp NULL DEFAULT NULL,
  PRIMARY KEY (`id`)
) ENGINE=InnoDB DEFAULT CHARSET=utf8mb4 COLLATE=utf8mb4_unicode_ci;
/*!40101 SET character_set_client = @saved_cs_client */;

--
-- Dumping data for table `tipocobros`
--

LOCK TABLES `tipocobros` WRITE;
/*!40000 ALTER TABLE `tipocobros` DISABLE KEYS */;
/*!40000 ALTER TABLE `tipocobros` ENABLE KEYS */;
UNLOCK TABLES;

--
-- Table structure for table `tipocontratos`
--

DROP TABLE IF EXISTS `tipocontratos`;
/*!40101 SET @saved_cs_client     = @@character_set_client */;
/*!40101 SET character_set_client = utf8 */;
CREATE TABLE `tipocontratos` (
  `id` bigint(20) unsigned NOT NULL AUTO_INCREMENT,
  `nombre` varchar(191) COLLATE utf8mb4_unicode_ci NOT NULL,
  `estado` int(11) NOT NULL DEFAULT '1',
  `motivo` varchar(191) COLLATE utf8mb4_unicode_ci DEFAULT NULL,
  `fechabaja` date DEFAULT NULL,
  `created_at` timestamp NULL DEFAULT NULL,
  `updated_at` timestamp NULL DEFAULT NULL,
  PRIMARY KEY (`id`)
) ENGINE=InnoDB AUTO_INCREMENT=2 DEFAULT CHARSET=utf8mb4 COLLATE=utf8mb4_unicode_ci;
/*!40101 SET character_set_client = @saved_cs_client */;

--
-- Dumping data for table `tipocontratos`
--

LOCK TABLES `tipocontratos` WRITE;
/*!40000 ALTER TABLE `tipocontratos` DISABLE KEYS */;
INSERT INTO `tipocontratos` VALUES (1,'Permanente',1,NULL,NULL,'2019-06-26 14:41:16','2019-06-26 14:41:16');
/*!40000 ALTER TABLE `tipocontratos` ENABLE KEYS */;
UNLOCK TABLES;

--
-- Table structure for table `tipopagos`
--

DROP TABLE IF EXISTS `tipopagos`;
/*!40101 SET @saved_cs_client     = @@character_set_client */;
/*!40101 SET character_set_client = utf8 */;
CREATE TABLE `tipopagos` (
  `id` bigint(20) unsigned NOT NULL AUTO_INCREMENT,
  `nombre` varchar(191) COLLATE utf8mb4_unicode_ci NOT NULL,
  `created_at` timestamp NULL DEFAULT NULL,
  `updated_at` timestamp NULL DEFAULT NULL,
  PRIMARY KEY (`id`)
) ENGINE=InnoDB DEFAULT CHARSET=utf8mb4 COLLATE=utf8mb4_unicode_ci;
/*!40101 SET character_set_client = @saved_cs_client */;

--
-- Dumping data for table `tipopagos`
--

LOCK TABLES `tipopagos` WRITE;
/*!40000 ALTER TABLE `tipopagos` DISABLE KEYS */;
/*!40000 ALTER TABLE `tipopagos` ENABLE KEYS */;
UNLOCK TABLES;

--
-- Table structure for table `tiposervicios`
--

DROP TABLE IF EXISTS `tiposervicios`;
/*!40101 SET @saved_cs_client     = @@character_set_client */;
/*!40101 SET character_set_client = utf8 */;
CREATE TABLE `tiposervicios` (
  `id` bigint(20) unsigned NOT NULL AUTO_INCREMENT,
  `nombre` varchar(191) COLLATE utf8mb4_unicode_ci NOT NULL,
  `created_at` timestamp NULL DEFAULT NULL,
  `updated_at` timestamp NULL DEFAULT NULL,
  `costo` double(5,2) NOT NULL,
  `isObligatorio` tinyint(4) NOT NULL,
  `estado` tinyint(4) NOT NULL,
  PRIMARY KEY (`id`)
) ENGINE=InnoDB AUTO_INCREMENT=2 DEFAULT CHARSET=utf8mb4 COLLATE=utf8mb4_unicode_ci;
/*!40101 SET character_set_client = @saved_cs_client */;

--
-- Dumping data for table `tiposervicios`
--

LOCK TABLES `tiposervicios` WRITE;
/*!40000 ALTER TABLE `tiposervicios` DISABLE KEYS */;
INSERT INTO `tiposervicios` VALUES (1,'Aseo','2020-03-13 15:09:35','2020-03-13 15:09:35',2.00,0,1);
/*!40000 ALTER TABLE `tiposervicios` ENABLE KEYS */;
UNLOCK TABLES;

--
-- Table structure for table `unidad_medidas`
--

DROP TABLE IF EXISTS `unidad_medidas`;
/*!40101 SET @saved_cs_client     = @@character_set_client */;
/*!40101 SET character_set_client = utf8 */;
CREATE TABLE `unidad_medidas` (
  `id` bigint(20) unsigned NOT NULL AUTO_INCREMENT,
  `nombre_medida` varchar(191) COLLATE utf8mb4_unicode_ci NOT NULL,
  `created_at` timestamp NULL DEFAULT NULL,
  `updated_at` timestamp NULL DEFAULT NULL,
  PRIMARY KEY (`id`),
  UNIQUE KEY `unidad_medidas_nombre_medida_unique` (`nombre_medida`)
) ENGINE=InnoDB AUTO_INCREMENT=17 DEFAULT CHARSET=utf8mb4 COLLATE=utf8mb4_unicode_ci;
/*!40101 SET character_set_client = @saved_cs_client */;

--
-- Dumping data for table `unidad_medidas`
--

LOCK TABLES `unidad_medidas` WRITE;
/*!40000 ALTER TABLE `unidad_medidas` DISABLE KEYS */;
INSERT INTO `unidad_medidas` VALUES (1,'LIBRA','2019-06-19 20:36:18','2019-06-19 20:36:18'),(2,'Fardo',NULL,NULL),(3,'Pliego',NULL,NULL),(4,'Caja','2019-07-02 17:12:04','2019-07-02 17:12:04'),(5,'Unidad','2019-07-02 17:12:11','2019-07-02 17:12:11'),(7,'Resma','2019-07-06 15:28:01','2019-07-06 15:28:01'),(8,'Bolsa','2019-07-06 15:35:07','2019-07-06 15:35:07'),(9,'Metro cúbico','2019-07-21 04:20:47','2019-07-21 04:20:47'),(10,'Dólar','2019-08-29 17:11:19','2019-08-29 17:11:19'),(14,'Evento','2019-10-14 23:51:34','2019-10-14 23:51:34'),(15,'S.G.','2019-10-14 23:51:43','2019-10-14 23:51:43'),(16,'Arroba','2019-10-14 23:51:59','2019-10-14 23:51:59');
/*!40000 ALTER TABLE `unidad_medidas` ENABLE KEYS */;
UNLOCK TABLES;

--
-- Table structure for table `unidads`
--

DROP TABLE IF EXISTS `unidads`;
/*!40101 SET @saved_cs_client     = @@character_set_client */;
/*!40101 SET character_set_client = utf8 */;
CREATE TABLE `unidads` (
  `id` bigint(20) unsigned NOT NULL AUTO_INCREMENT,
  `nombre_unidad` varchar(191) COLLATE utf8mb4_unicode_ci NOT NULL,
  `estado` int(11) NOT NULL DEFAULT '1',
  `motivo` varchar(191) COLLATE utf8mb4_unicode_ci DEFAULT NULL,
  `fecha_baja` date DEFAULT NULL,
  `created_at` timestamp NULL DEFAULT NULL,
  `updated_at` timestamp NULL DEFAULT NULL,
  PRIMARY KEY (`id`),
  UNIQUE KEY `unidads_nombre_unidad_unique` (`nombre_unidad`)
) ENGINE=InnoDB AUTO_INCREMENT=8 DEFAULT CHARSET=utf8mb4 COLLATE=utf8mb4_unicode_ci;
/*!40101 SET character_set_client = @saved_cs_client */;

--
-- Dumping data for table `unidads`
--

LOCK TABLES `unidads` WRITE;
/*!40000 ALTER TABLE `unidads` DISABLE KEYS */;
INSERT INTO `unidads` VALUES (1,'Proyectos',1,NULL,NULL,'2019-06-19 21:56:55','2019-06-19 21:56:55'),(2,'Unidad de Adquisiciones y Contrataciones Institucionales',1,NULL,NULL,'2019-07-01 16:27:54','2019-07-01 16:27:54'),(3,'Unidad de la mujer',1,NULL,NULL,'2019-07-01 16:28:03','2019-07-01 16:28:03'),(4,'Unidad de proyección social',1,NULL,NULL,'2019-07-01 16:28:15','2019-07-01 16:28:15'),(5,'Unidad de tesorería',1,NULL,NULL,'2019-07-02 21:33:18','2019-07-02 21:33:21'),(6,'Alcalde',1,NULL,NULL,'2019-10-07 15:13:13','2019-10-07 15:13:13'),(7,'Unidad de cuentas corrientes',1,NULL,NULL,NULL,NULL);
/*!40000 ALTER TABLE `unidads` ENABLE KEYS */;
UNLOCK TABLES;

--
-- Table structure for table `users`
--

DROP TABLE IF EXISTS `users`;
/*!40101 SET @saved_cs_client     = @@character_set_client */;
/*!40101 SET character_set_client = utf8 */;
CREATE TABLE `users` (
  `id` bigint(20) unsigned NOT NULL AUTO_INCREMENT,
  `empleado_id` bigint(20) unsigned NOT NULL,
  `username` varchar(191) COLLATE utf8mb4_unicode_ci NOT NULL,
  `email` varchar(191) COLLATE utf8mb4_unicode_ci NOT NULL,
  `password` varchar(191) COLLATE utf8mb4_unicode_ci NOT NULL,
  `estado` int(10) unsigned NOT NULL DEFAULT '1',
  `motivo` varchar(191) COLLATE utf8mb4_unicode_ci DEFAULT NULL,
  `fechabaja` date DEFAULT NULL,
  `remember_token` varchar(100) COLLATE utf8mb4_unicode_ci DEFAULT NULL,
  `created_at` timestamp NULL DEFAULT NULL,
  `updated_at` timestamp NULL DEFAULT NULL,
  `unidad_id` bigint(20) unsigned DEFAULT NULL,
  PRIMARY KEY (`id`),
  UNIQUE KEY `users_username_unique` (`username`),
  UNIQUE KEY `users_email_unique` (`email`),
  KEY `users_empleado_id_foreign` (`empleado_id`),
  CONSTRAINT `users_empleado_id_foreign` FOREIGN KEY (`empleado_id`) REFERENCES `empleados` (`id`)
) ENGINE=InnoDB AUTO_INCREMENT=6 DEFAULT CHARSET=utf8mb4 COLLATE=utf8mb4_unicode_ci;
/*!40101 SET character_set_client = @saved_cs_client */;

--
-- Dumping data for table `users`
--

LOCK TABLES `users` WRITE;
/*!40000 ALTER TABLE `users` DISABLE KEYS */;
INSERT INTO `users` VALUES (1,1,'mariocardoza','mario_boyle@hotmail.com','$2y$10$uoLjZgUnbQOC3q8QBBK3v.l5Eb4C8riSNjOjwB/LsjXQzxAchyPJu',1,NULL,NULL,'LdV49tc6zQ3XSyJyqXWshxm652m3DQbgB5b5xRrk5TeIPmNRucAJkw3gJ6M2','2019-06-19 15:36:41','2019-10-07 15:26:04',6),(2,5,'lucia','luci@hotmail.com','$2y$10$7CCVgPO2MsokaHmTwdnyH.myf4B3lz6WT6rVYJHhJ6AuWQPynJB.K',1,NULL,NULL,'Rht90dY3RJ7Ov7JiZelme9AjDpC998UvwnsRHYTd99C8afI82imRpjreBBe0','2019-06-25 21:26:03','2019-10-07 15:30:49',5),(3,27,'dianalou','dya_re@hotmail.com','$2y$10$sQjTZgYAbIyDM9EADno.kONSDpBuan8zKgS.dST0orjvEol88LWTO',1,NULL,NULL,'gZcM2y2V36NEP84CCD5419qdfd4Vcnd9B1dGaXxAP0NgUwyP0tSCl6foWRma','2019-06-27 22:23:05','2019-10-07 15:31:07',2),(4,30,'reneh','mariokr.rocker@gmail.com','$2y$10$oPJXGw3Ji9WHeLbXxcP5G.Y.8ayygH0903RHpODrDWlBWRrl1gdGi',1,NULL,NULL,'AAVwH3s0xayEwoqSQW81DjGC5Yh9eVkn7PIJ9adCx9NO4EcAVX9vUgKxpRqP','2019-10-07 20:25:13','2019-10-07 20:43:16',1),(5,31,'german','german@correo.com','$2y$10$qAqAs732GxBTthemA8hXcOOOnLfxU4jAjjmxY9SguRX9T94tjB6Z2',1,NULL,NULL,'z29OF0IZLu7hTWMAUIYrg3z0DMEE4oCO4g9wAQaCGerte0Yublucp5OAnauh','2020-03-13 14:48:17','2020-03-13 14:48:17',7);
/*!40000 ALTER TABLE `users` ENABLE KEYS */;
UNLOCK TABLES;

--
-- Table structure for table `vacacions`
--

DROP TABLE IF EXISTS `vacacions`;
/*!40101 SET @saved_cs_client     = @@character_set_client */;
/*!40101 SET character_set_client = utf8 */;
CREATE TABLE `vacacions` (
  `id` bigint(20) unsigned NOT NULL AUTO_INCREMENT,
  `detalleplanilla_id` bigint(20) unsigned NOT NULL,
  `estado` int(11) NOT NULL DEFAULT '0',
  `anio` varchar(5) COLLATE utf8mb4_unicode_ci NOT NULL,
  `fecha_vacacion` date DEFAULT NULL,
  `created_at` timestamp NULL DEFAULT NULL,
  `updated_at` timestamp NULL DEFAULT NULL,
  `fecha_pago` date DEFAULT NULL,
  `pago` double(8,2) DEFAULT NULL,
  PRIMARY KEY (`id`),
  KEY `vacacions_detalleplanilla_id_foreign` (`detalleplanilla_id`),
  CONSTRAINT `vacacions_detalleplanilla_id_foreign` FOREIGN KEY (`detalleplanilla_id`) REFERENCES `detalleplanillas` (`id`)
) ENGINE=InnoDB AUTO_INCREMENT=8 DEFAULT CHARSET=utf8mb4 COLLATE=utf8mb4_unicode_ci;
/*!40101 SET character_set_client = @saved_cs_client */;

--
-- Dumping data for table `vacacions`
--

LOCK TABLES `vacacions` WRITE;
/*!40000 ALTER TABLE `vacacions` DISABLE KEYS */;
INSERT INTO `vacacions` VALUES (1,18,0,'2019',NULL,'2019-09-30 18:20:11','2019-09-30 18:20:11',NULL,NULL),(2,20,2,'2019','2019-10-14','2019-09-30 18:20:11','2019-09-30 18:29:17','2019-09-24',227.50),(3,29,0,'2019',NULL,'2019-10-08 16:50:19','2019-10-08 16:50:19',NULL,NULL),(4,22,0,'2019',NULL,'2019-10-08 16:50:19','2019-10-08 16:50:19',NULL,NULL),(5,30,0,'2019',NULL,'2019-10-08 16:50:19','2019-10-08 16:50:19',NULL,NULL),(6,31,0,'2019',NULL,'2019-10-08 16:50:19','2019-10-08 16:50:19',NULL,NULL),(7,32,0,'2019',NULL,'2019-10-08 16:50:19','2019-10-08 16:50:19',NULL,NULL);
/*!40000 ALTER TABLE `vacacions` ENABLE KEYS */;
UNLOCK TABLES;

--
-- Dumping routines for database 'sisverapaz'
--
/*!40103 SET TIME_ZONE=@OLD_TIME_ZONE */;

/*!40101 SET SQL_MODE=@OLD_SQL_MODE */;
/*!40014 SET FOREIGN_KEY_CHECKS=@OLD_FOREIGN_KEY_CHECKS */;
/*!40014 SET UNIQUE_CHECKS=@OLD_UNIQUE_CHECKS */;
/*!40101 SET CHARACTER_SET_CLIENT=@OLD_CHARACTER_SET_CLIENT */;
/*!40101 SET CHARACTER_SET_RESULTS=@OLD_CHARACTER_SET_RESULTS */;
/*!40101 SET COLLATION_CONNECTION=@OLD_COLLATION_CONNECTION */;
/*!40111 SET SQL_NOTES=@OLD_SQL_NOTES */;

-- Dump completed on 2020-03-17 10:38:46
